-- phpMyAdmin SQL Dump
-- version 5.2.1
-- https://www.phpmyadmin.net/
--
-- Servidor: 127.0.0.1
-- Tiempo de generación: 21-10-2025 a las 23:01:10
-- Versión del servidor: 10.4.32-MariaDB
-- Versión de PHP: 8.2.12

SET SQL_MODE = "NO_AUTO_VALUE_ON_ZERO";
START TRANSACTION;
SET time_zone = "+00:00";


/*!40101 SET @OLD_CHARACTER_SET_CLIENT=@@CHARACTER_SET_CLIENT */;
/*!40101 SET @OLD_CHARACTER_SET_RESULTS=@@CHARACTER_SET_RESULTS */;
/*!40101 SET @OLD_COLLATION_CONNECTION=@@COLLATION_CONNECTION */;
/*!40101 SET NAMES utf8mb4 */;

--
-- Base de datos: `barbershop-api`
--

-- --------------------------------------------------------

--
-- Estructura de tabla para la tabla `atencion`
--

CREATE TABLE `atencion` (
  `Id` int(11) NOT NULL,
  `ClienteId` int(11) NOT NULL,
  `BarberoId` int(11) NOT NULL,
  `Fecha` datetime NOT NULL,
  `TurnoId` int(11) DEFAULT NULL,
  `CierreDiarioId` int(11) DEFAULT NULL
) ENGINE=InnoDB DEFAULT CHARSET=utf8mb4 COLLATE=utf8mb4_general_ci;

--
-- Volcado de datos para la tabla `atencion`
--

INSERT INTO `atencion` (`Id`, `ClienteId`, `BarberoId`, `Fecha`, `TurnoId`, `CierreDiarioId`) VALUES
(1, 3, 2, '2025-07-07 20:01:29', NULL, NULL),
(2, 6, 2, '2025-07-07 20:04:07', NULL, NULL),
(3, 4, 2, '2025-07-07 20:04:44', NULL, NULL),
(4, 5, 2, '2025-07-07 20:05:29', NULL, NULL),
(5, 7, 2, '2025-07-07 20:32:42', NULL, NULL),
(6, 8, 2, '2025-07-07 23:43:40', NULL, NULL),
(7, 11, 2, '2025-07-08 13:25:15', NULL, NULL),
(8, 13, 2, '2025-07-08 15:43:10', NULL, NULL),
(9, 14, 2, '2025-07-08 16:19:17', NULL, NULL),
(10, 15, 2, '2025-07-08 20:21:16', NULL, NULL),
(11, 16, 2, '2025-07-08 20:37:54', NULL, NULL),
(12, 9, 2, '2025-07-08 21:22:31', NULL, NULL),
(13, 17, 2, '2025-07-08 21:44:59', NULL, NULL),
(14, 18, 2, '2025-07-08 22:00:45', NULL, NULL),
(15, 19, 2, '2025-07-08 22:18:34', NULL, NULL),
(16, 20, 2, '2025-07-08 22:44:56', NULL, NULL),
(17, 21, 2, '2025-07-10 21:25:02', NULL, NULL),
(18, 23, 2, '2025-07-11 15:31:34', NULL, NULL),
(19, 24, 2, '2025-07-11 20:05:42', NULL, NULL),
(20, 25, 2, '2025-07-11 20:59:08', NULL, NULL),
(21, 26, 2, '2025-07-11 21:35:26', NULL, NULL),
(22, 9, 2, '2025-07-11 21:58:50', NULL, NULL),
(23, 9, 2, '2025-07-11 23:16:38', NULL, NULL),
(24, 9, 2, '2025-07-12 15:27:12', NULL, NULL),
(25, 27, 2, '2025-07-12 20:20:37', NULL, NULL),
(26, 28, 2, '2025-07-12 20:49:19', NULL, NULL),
(28, 29, 2, '2025-07-12 21:03:26', NULL, NULL),
(29, 30, 2, '2025-07-12 21:19:17', NULL, NULL),
(30, 31, 2, '2025-07-12 21:35:36', NULL, NULL),
(31, 32, 2, '2025-07-12 21:51:17', NULL, NULL),
(32, 33, 2, '2025-07-12 22:05:14', NULL, NULL),
(33, 9, 2, '2025-07-12 22:32:03', NULL, NULL),
(34, 4, 2, '2025-07-12 22:51:06', NULL, NULL),
(35, 34, 2, '2025-07-12 23:25:56', NULL, NULL),
(36, 35, 2, '2025-07-12 23:41:46', NULL, NULL),
(37, 36, 2, '2025-07-15 13:32:55', NULL, NULL),
(38, 37, 2, '2025-07-15 15:23:28', NULL, NULL),
(39, 7, 2, '2025-07-15 20:35:44', NULL, NULL),
(40, 38, 2, '2025-07-15 21:16:26', NULL, NULL),
(41, 39, 2, '2025-07-15 22:50:04', NULL, NULL),
(42, 40, 2, '2025-07-16 21:28:20', NULL, NULL),
(43, 41, 2, '2025-07-16 21:43:32', NULL, NULL),
(44, 9, 2, '2025-07-16 21:50:14', NULL, NULL),
(45, 24, 2, '2025-07-17 20:09:03', NULL, NULL),
(46, 42, 2, '2025-07-17 21:09:59', NULL, NULL),
(47, 43, 2, '2025-07-17 21:32:21', NULL, NULL),
(48, 44, 2, '2025-07-17 21:52:14', NULL, NULL),
(49, 45, 2, '2025-07-17 22:22:42', NULL, NULL),
(50, 9, 2, '2025-07-17 23:12:42', NULL, NULL),
(51, 46, 2, '2025-07-18 15:01:48', NULL, NULL),
(52, 47, 2, '2025-07-18 21:03:17', NULL, NULL),
(53, 48, 2, '2025-07-18 21:35:37', NULL, NULL),
(54, 49, 2, '2025-07-18 21:58:06', NULL, NULL),
(55, 50, 2, '2025-07-18 22:15:55', NULL, NULL),
(56, 51, 2, '2025-07-18 23:15:22', NULL, NULL),
(57, 9, 2, '2025-07-18 23:15:48', NULL, NULL),
(58, 52, 2, '2025-07-18 23:38:06', NULL, NULL),
(59, 53, 2, '2025-07-19 13:33:39', NULL, NULL),
(60, 9, 2, '2025-07-19 14:46:25', NULL, NULL),
(61, 27, 2, '2025-07-19 15:13:43', NULL, NULL),
(62, 54, 2, '2025-07-19 15:37:51', NULL, NULL),
(63, 55, 2, '2025-07-19 20:42:39', NULL, NULL),
(64, 56, 2, '2025-07-19 21:00:56', NULL, NULL),
(65, 57, 2, '2025-07-19 21:30:53', NULL, NULL),
(66, 58, 2, '2025-07-19 21:59:24', NULL, NULL),
(67, 59, 2, '2025-07-19 22:32:02', NULL, NULL),
(68, 4, 2, '2025-07-19 22:50:54', NULL, NULL),
(69, 60, 2, '2025-07-19 23:10:10', NULL, NULL),
(70, 61, 2, '2025-07-19 23:24:28', NULL, NULL),
(71, 62, 2, '2025-07-21 13:52:54', NULL, 1),
(72, 3, 2, '2025-07-21 14:24:18', NULL, 1),
(73, 63, 2, '2025-07-21 14:46:46', NULL, 1),
(74, 64, 2, '2025-07-21 21:41:50', NULL, 1),
(75, 9, 1, '2025-07-21 22:59:36', NULL, 1),
(76, 65, 1, '2025-07-21 23:00:44', NULL, 1),
(77, 66, 2, '2025-07-21 23:26:14', NULL, 1),
(78, 67, 2, '2025-07-22 13:43:25', NULL, 2),
(79, 68, 2, '2025-07-22 21:08:05', NULL, 2),
(80, 69, 2, '2025-07-23 13:17:33', NULL, 3),
(81, 24, 2, '2025-07-23 20:04:56', NULL, 3),
(82, 70, 2, '2025-07-23 20:44:46', NULL, 3),
(83, 71, 2, '2025-07-23 21:49:49', NULL, 3),
(84, 9, 2, '2025-07-23 21:51:10', NULL, 3),
(85, 9, 2, '2025-07-23 21:51:36', NULL, 3),
(86, 9, 2, '2025-07-24 13:10:35', NULL, 4),
(87, 72, 2, '2025-07-24 13:30:21', NULL, 4),
(88, 74, 2, '2025-07-24 14:44:22', NULL, 4),
(89, 75, 2, '2025-07-24 21:01:51', NULL, 4),
(90, 36, 2, '2025-07-24 21:18:45', NULL, 4),
(91, 76, 2, '2025-07-24 21:42:33', NULL, 4),
(92, 9, 2, '2025-07-24 22:05:28', NULL, 4),
(93, 77, 2, '2025-07-24 22:32:56', NULL, 4),
(94, 28, 2, '2025-07-24 23:08:40', NULL, 4),
(95, 78, 2, '2025-07-24 23:51:01', NULL, 4),
(96, 79, 2, '2025-07-25 15:13:31', NULL, 5),
(97, 80, 2, '2025-07-25 20:36:38', NULL, 5),
(98, 81, 2, '2025-07-25 21:29:29', NULL, 5),
(99, 31, 2, '2025-07-25 22:27:33', NULL, 5),
(100, 82, 2, '2025-07-25 23:12:12', NULL, 5),
(101, 83, 2, '2025-07-25 23:40:14', NULL, 5),
(102, 84, 2, '2025-07-25 23:42:14', NULL, 5),
(106, 85, 2, '2025-07-26 12:57:21', NULL, 6),
(107, 86, 2, '2025-07-26 13:41:32', NULL, 6),
(108, 87, 2, '2025-07-26 15:09:58', NULL, 6),
(109, 27, 2, '2025-07-26 15:26:07', NULL, 6),
(110, 19, 2, '2025-07-26 21:17:57', NULL, 6),
(111, 9, 2, '2025-07-26 21:52:23', NULL, 6),
(112, 30, 2, '2025-07-26 22:05:51', NULL, 6),
(113, 16, 2, '2025-07-26 22:24:49', NULL, 6),
(114, 88, 2, '2025-07-26 22:52:43', NULL, 6),
(115, 89, 2, '2025-07-26 23:16:12', NULL, 6),
(116, 90, 2, '2025-07-26 23:44:52', NULL, 6),
(117, 91, 2, '2025-07-28 20:45:04', NULL, 7),
(118, 92, 2, '2025-07-28 20:56:34', NULL, 7),
(119, 4, 2, '2025-07-28 21:23:06', NULL, 7),
(120, 6, 2, '2025-07-28 22:49:36', NULL, 7),
(121, 93, 2, '2025-07-29 13:28:30', NULL, 8),
(122, 94, 2, '2025-07-29 13:48:33', NULL, 8),
(123, 11, 2, '2025-07-29 14:12:30', NULL, 8),
(124, 95, 2, '2025-07-29 14:36:08', NULL, 8),
(125, 96, 2, '2025-07-29 20:34:53', NULL, 8),
(126, 97, 2, '2025-07-29 21:13:21', NULL, 8),
(127, 24, 2, '2025-07-29 21:19:59', NULL, 8),
(128, 98, 2, '2025-07-30 15:41:23', NULL, 9),
(129, 99, 2, '2025-07-30 20:50:01', NULL, 9),
(130, 9, 2, '2025-07-30 22:31:20', NULL, 9),
(131, 100, 2, '2025-07-30 22:54:33', NULL, 9),
(132, 9, 2, '2025-07-31 14:22:13', NULL, 10),
(133, 101, 2, '2025-07-31 21:06:55', NULL, 10),
(134, 102, 2, '2025-07-31 21:34:08', NULL, 10),
(135, 103, 2, '2025-07-31 21:55:18', NULL, 10),
(136, 104, 2, '2025-07-31 22:20:53', NULL, 10),
(137, 8, 2, '2025-07-31 22:47:07', NULL, 10),
(138, 9, 2, '2025-07-31 23:13:36', NULL, 10),
(139, 105, 2, '2025-07-31 23:34:28', NULL, 10),
(140, 106, 2, '2025-08-01 13:23:28', NULL, 11),
(141, 107, 2, '2025-08-01 13:55:23', NULL, 11),
(142, 33, 2, '2025-08-01 14:24:44', NULL, 11),
(143, 108, 2, '2025-08-01 15:29:52', NULL, 11),
(144, 17, 2, '2025-08-01 20:44:13', NULL, 11),
(145, 9, 2, '2025-08-01 21:04:50', NULL, 11),
(146, 31, 2, '2025-08-01 21:25:05', NULL, 11),
(147, 9, 2, '2025-08-01 22:01:54', NULL, 11),
(148, 27, 2, '2025-08-01 22:14:12', NULL, 11),
(149, 38, 2, '2025-08-01 22:43:13', NULL, 11),
(150, 109, 2, '2025-08-01 23:02:18', NULL, 11),
(151, 110, 2, '2025-08-01 23:29:37', NULL, 11),
(152, 73, 2, '2025-08-02 14:31:43', NULL, 12),
(153, 73, 2, '2025-08-02 14:32:00', NULL, 12),
(154, 111, 2, '2025-08-02 15:40:32', NULL, 12),
(155, 112, 2, '2025-08-02 16:17:57', NULL, 12),
(156, 113, 2, '2025-08-02 21:31:32', NULL, 12),
(157, 114, 2, '2025-08-02 21:34:14', NULL, 12),
(158, 24, 2, '2025-08-02 21:41:03', NULL, 12),
(159, 78, 2, '2025-08-02 22:38:38', NULL, 12),
(160, 115, 2, '2025-08-02 23:01:57', NULL, 12),
(161, 116, 2, '2025-08-02 23:29:15', NULL, 12),
(162, 117, 2, '2025-08-04 20:55:44', NULL, 13),
(163, 3, 2, '2025-08-04 21:09:34', NULL, 13),
(164, 23, 2, '2025-08-04 21:28:18', NULL, 13),
(165, 118, 2, '2025-08-04 21:54:06', NULL, 13),
(166, 55, 2, '2025-08-04 22:13:28', NULL, 13),
(167, 119, 2, '2025-08-05 23:02:14', NULL, 14),
(168, 60, 2, '2025-08-06 21:05:38', NULL, 15),
(169, 120, 2, '2025-08-07 13:18:47', NULL, 16),
(170, 62, 2, '2025-08-07 13:39:44', NULL, 16),
(171, 9, 2, '2025-08-07 14:33:26', NULL, 16),
(172, 39, 2, '2025-08-07 20:45:03', NULL, 16),
(173, 15, 2, '2025-08-07 21:44:17', NULL, 16),
(174, 19, 2, '2025-08-07 22:08:23', NULL, 16),
(175, 29, 2, '2025-08-07 22:23:53', NULL, 16),
(176, 121, 2, '2025-08-07 23:05:14', NULL, 16),
(177, 51, 2, '2025-08-07 23:27:29', NULL, 16),
(178, 24, 2, '2025-08-08 12:28:58', NULL, 17),
(179, 31, 2, '2025-08-08 14:13:42', NULL, 17),
(180, 122, 2, '2025-08-08 15:25:03', NULL, 17),
(181, 123, 2, '2025-08-08 15:59:05', NULL, 17),
(182, 9, 2, '2025-08-08 15:59:19', NULL, 17),
(183, 124, 2, '2025-08-08 20:49:33', NULL, 17),
(184, 9, 2, '2025-08-08 20:49:46', NULL, 17),
(185, 9, 2, '2025-08-08 20:50:03', NULL, 17),
(186, 30, 2, '2025-08-08 21:06:35', NULL, 17),
(188, 18, 2, '2025-08-08 21:38:26', NULL, 17),
(189, 26, 2, '2025-08-08 22:17:06', NULL, 17),
(190, 125, 2, '2025-08-08 22:35:44', NULL, 17),
(191, 21, 2, '2025-08-09 13:05:00', NULL, 18),
(192, 73, 2, '2025-08-09 15:21:15', NULL, 18),
(193, 16, 2, '2025-08-09 20:49:03', NULL, 18),
(194, 78, 2, '2025-08-09 20:59:29', NULL, 18),
(195, 72, 2, '2025-08-09 21:41:52', NULL, 18),
(196, 77, 2, '2025-08-09 21:59:01', NULL, 18),
(197, 63, 2, '2025-08-09 22:25:52', NULL, 18),
(198, 17, 2, '2025-08-09 22:51:14', NULL, 18),
(200, 24, 2, '2025-08-09 22:57:51', NULL, 18),
(201, 6, 2, '2025-08-09 23:19:42', NULL, 18),
(202, 127, 2, '2025-08-11 13:49:17', NULL, 19),
(203, 93, 2, '2025-08-11 21:23:52', NULL, 19),
(204, 27, 2, '2025-08-11 22:19:06', NULL, 19),
(205, 67, 2, '2025-08-12 13:19:58', NULL, 20),
(206, 24, 2, '2025-08-12 20:04:21', NULL, 20),
(207, 128, 2, '2025-08-12 20:28:15', NULL, 20),
(208, 9, 2, '2025-08-12 20:49:54', NULL, 20),
(209, 9, 2, '2025-08-12 21:49:20', NULL, 20),
(210, 3, 2, '2025-08-13 13:57:30', NULL, 21),
(211, 129, 2, '2025-08-13 14:36:21', NULL, 21),
(212, 38, 2, '2025-08-13 14:55:31', NULL, 21),
(213, 36, 2, '2025-08-13 20:13:28', NULL, 21),
(214, 9, 2, '2025-08-13 20:52:58', NULL, 21),
(215, 130, 2, '2025-08-13 22:09:42', NULL, 21),
(216, 131, 2, '2025-08-14 14:16:46', NULL, 22),
(217, 42, 2, '2025-08-14 22:04:48', NULL, 22),
(218, 73, 2, '2025-08-14 22:23:50', NULL, 22),
(219, 76, 2, '2025-08-14 23:28:32', NULL, 22),
(220, 132, 2, '2025-08-15 13:51:42', NULL, 23),
(221, 9, 2, '2025-08-15 16:02:34', NULL, 23),
(222, 133, 2, '2025-08-15 20:40:18', NULL, 23),
(223, 17, 2, '2025-08-15 20:58:24', NULL, 23),
(224, 31, 2, '2025-08-15 21:41:01', NULL, 23),
(225, 9, 2, '2025-08-15 22:45:40', NULL, 23),
(226, 24, 2, '2025-08-15 23:33:39', NULL, 23),
(227, 134, 2, '2025-08-16 13:42:59', NULL, 24),
(228, 13, 2, '2025-08-16 14:48:54', NULL, 24),
(229, 9, 2, '2025-08-16 14:49:08', NULL, 24),
(230, 4, 2, '2025-08-16 15:10:01', NULL, 24),
(231, 120, 2, '2025-08-16 15:42:58', NULL, 24),
(232, 9, 2, '2025-08-16 15:43:14', NULL, 24),
(233, 54, 2, '2025-08-16 21:37:26', NULL, 24),
(234, 73, 2, '2025-08-16 22:35:52', NULL, 24),
(235, 50, 2, '2025-08-16 22:57:03', NULL, 24),
(236, 135, 2, '2025-08-16 23:39:02', NULL, 24),
(237, 136, 2, '2025-08-18 13:25:36', NULL, 25),
(238, 53, 2, '2025-08-18 20:37:31', NULL, 25),
(239, 137, 2, '2025-08-18 21:52:42', NULL, 25),
(240, 138, 2, '2025-08-18 21:54:12', NULL, 25),
(241, 49, 2, '2025-08-18 21:55:02', NULL, 25),
(242, 59, 2, '2025-08-18 22:29:36', NULL, 25),
(243, 9, 2, '2025-08-18 22:53:03', NULL, 25),
(244, 111, 2, '2025-08-18 23:17:58', NULL, 25),
(245, 108, 2, '2025-08-19 15:09:22', NULL, 26),
(246, 9, 2, '2025-08-19 20:26:33', NULL, 26),
(247, 33, 2, '2025-08-20 14:10:28', NULL, 27),
(248, 139, 2, '2025-08-20 15:21:11', NULL, 27),
(249, 9, 2, '2025-08-20 21:05:42', NULL, 27),
(250, 140, 2, '2025-08-20 21:21:27', NULL, 27),
(251, 20, 2, '2025-08-20 22:22:39', NULL, 27),
(252, 11, 2, '2025-08-20 22:46:18', NULL, 27),
(253, 24, 2, '2025-08-20 23:37:59', NULL, 27),
(254, 62, 2, '2025-08-21 13:27:44', NULL, 28),
(255, 68, 2, '2025-08-21 20:15:29', NULL, 28),
(256, 19, 2, '2025-08-21 20:47:36', NULL, 28),
(257, 9, 2, '2025-08-21 21:23:01', NULL, 28),
(258, 30, 2, '2025-08-21 21:41:48', NULL, 28),
(259, 46, 2, '2025-08-21 22:07:41', NULL, 28),
(260, 118, 2, '2025-08-21 22:28:43', NULL, 28),
(261, 73, 2, '2025-08-21 23:08:16', NULL, 28),
(262, 79, 2, '2025-08-22 13:55:42', NULL, 29),
(263, 142, 2, '2025-08-22 14:19:47', NULL, 29),
(264, 143, 2, '2025-08-22 14:30:54', NULL, 29),
(265, 15, 2, '2025-08-22 15:17:56', NULL, 29),
(266, 98, 2, '2025-08-22 20:34:00', NULL, 29),
(267, 144, 2, '2025-08-22 20:58:40', NULL, 29),
(268, 29, 2, '2025-08-22 21:32:09', NULL, 29),
(269, 24, 2, '2025-08-22 21:34:33', NULL, 29),
(270, 27, 2, '2025-08-22 22:19:02', NULL, 29),
(271, 14, 2, '2025-08-22 22:44:21', NULL, 29),
(272, 45, 2, '2025-08-22 23:05:17', NULL, 29),
(273, 73, 2, '2025-08-23 14:20:09', NULL, 30),
(274, 107, 2, '2025-08-23 21:13:08', NULL, 30),
(275, 78, 2, '2025-08-23 23:24:44', NULL, 30),
(276, 9, 2, '2025-08-26 13:24:48', NULL, 31),
(277, 105, 2, '2025-08-26 13:44:02', NULL, 31),
(278, 65, 2, '2025-08-26 14:15:53', NULL, 31),
(279, 117, 2, '2025-08-26 14:37:48', NULL, 31),
(280, 9, 2, '2025-08-26 15:11:19', NULL, 31),
(281, 9, 2, '2025-08-26 20:31:42', NULL, 31),
(282, 9, 2, '2025-08-26 20:31:57', NULL, 31),
(283, 55, 2, '2025-08-26 20:49:51', NULL, 31),
(284, 145, 2, '2025-08-26 22:08:24', NULL, 31),
(285, 6, 2, '2025-08-26 22:29:59', NULL, 31),
(286, 9, 2, '2025-08-26 22:50:08', NULL, 31),
(287, 146, 2, '2025-08-27 12:47:33', NULL, 32),
(288, 3, 2, '2025-08-27 13:36:28', NULL, 32),
(289, 36, 2, '2025-08-27 20:31:37', NULL, 32),
(290, 24, 2, '2025-08-27 20:40:26', NULL, 32),
(291, 23, 2, '2025-08-27 21:01:09', NULL, 32),
(292, 70, 2, '2025-08-27 21:22:53', NULL, 32),
(293, 101, 2, '2025-08-27 21:49:02', NULL, 32),
(294, 43, 2, '2025-08-27 22:11:40', NULL, 32),
(295, 147, 2, '2025-08-27 22:42:18', NULL, 32),
(296, 92, 2, '2025-08-27 22:53:45', NULL, 32),
(297, 9, 2, '2025-08-28 20:40:36', NULL, 33),
(298, 148, 2, '2025-08-28 21:22:23', NULL, 33),
(299, 148, 2, '2025-08-28 22:36:04', NULL, 33),
(300, 41, 2, '2025-08-28 23:27:53', NULL, 33),
(301, 87, 2, '2025-08-28 23:51:09', NULL, 33),
(302, 48, 2, '2025-08-29 12:38:20', NULL, 34),
(303, 24, 2, '2025-08-29 20:01:31', NULL, 34),
(304, 96, 2, '2025-08-29 22:05:50', NULL, 34),
(305, 40, 2, '2025-08-29 22:18:57', NULL, 34),
(306, 52, 2, '2025-08-29 22:41:03', NULL, 34),
(307, 9, 2, '2025-08-29 23:05:05', NULL, 34),
(308, 85, 2, '2025-08-30 13:52:13', NULL, 35),
(309, 27, 2, '2025-08-30 20:31:32', NULL, 35),
(310, 17, 2, '2025-08-30 20:51:10', NULL, 35),
(311, 120, 2, '2025-08-30 21:28:22', NULL, 35),
(312, 9, 2, '2025-08-30 21:29:49', NULL, 35),
(313, 80, 2, '2025-09-01 13:56:09', NULL, 36),
(314, 149, 2, '2025-09-01 14:45:37', NULL, 36),
(315, 141, 2, '2025-09-01 15:41:33', NULL, 36),
(316, 18, 2, '2025-09-01 20:38:26', NULL, 36),
(317, 69, 2, '2025-09-01 21:31:31', NULL, 36),
(318, 104, 2, '2025-09-01 22:18:56', NULL, 36),
(319, 100, 2, '2025-09-01 22:38:02', NULL, 36),
(320, 150, 2, '2025-09-01 22:52:32', NULL, 36),
(321, 9, 2, '2025-09-01 23:24:45', NULL, 36),
(322, 111, 2, '2025-09-01 23:25:12', NULL, 36),
(323, 108, 2, '2025-09-02 14:16:32', NULL, 37),
(324, 129, 2, '2025-09-02 22:00:04', NULL, 37),
(325, 56, 2, '2025-09-02 22:11:56', NULL, 37),
(326, 84, 2, '2025-09-02 22:34:05', NULL, 37),
(327, 60, 2, '2025-09-02 22:53:47', NULL, 37),
(328, 130, 2, '2025-09-02 23:10:04', NULL, 37),
(329, 25, 2, '2025-09-02 23:36:20', NULL, 37),
(330, 115, 2, '2025-09-02 23:54:29', NULL, 37),
(331, 95, 2, '2025-09-03 14:38:25', NULL, 38),
(332, 24, 2, '2025-09-03 19:57:38', NULL, 38),
(333, 151, 2, '2025-09-03 20:24:21', NULL, 38),
(334, 152, 2, '2025-09-03 20:58:12', NULL, 38),
(335, 81, 2, '2025-09-03 22:46:58', NULL, 38),
(336, 109, 2, '2025-09-03 23:22:32', NULL, 38),
(337, 38, 2, '2025-09-04 13:22:00', NULL, 39),
(338, 73, 2, '2025-09-04 14:03:20', NULL, 39),
(339, 9, 2, '2025-09-04 20:30:04', NULL, 39),
(340, 21, 2, '2025-09-04 20:47:49', NULL, 39),
(341, 4, 2, '2025-09-04 21:33:18', NULL, 39),
(343, 24, 2, '2025-09-04 21:53:00', NULL, 39),
(344, 140, 2, '2025-09-04 22:18:19', NULL, 39),
(345, 22, 2, '2025-09-04 22:37:34', NULL, 39),
(346, 154, 2, '2025-09-04 23:00:55', NULL, 39),
(347, 30, 2, '2025-09-04 23:12:25', NULL, 39),
(348, 102, 2, '2025-09-04 23:44:20', NULL, 39),
(349, 49, 2, '2025-09-04 23:48:09', NULL, 39),
(350, 15, 2, '2025-09-05 14:52:02', NULL, 40),
(351, 36, 2, '2025-09-05 15:30:29', NULL, 40),
(352, 112, 2, '2025-09-05 16:10:28', NULL, 40),
(353, 155, 2, '2025-09-05 20:27:36', NULL, 40),
(354, 156, 2, '2025-09-05 21:12:41', NULL, 40),
(355, 16, 2, '2025-09-05 21:39:26', NULL, 40),
(356, 132, 2, '2025-09-05 22:18:47', NULL, 40),
(357, 157, 2, '2025-09-05 22:39:58', NULL, 40),
(358, 59, 2, '2025-09-05 23:52:14', NULL, 40),
(359, 3, 2, '2025-09-06 13:40:07', NULL, 41),
(360, 158, 2, '2025-09-06 20:41:48', NULL, 41),
(361, 9, 2, '2025-09-06 20:42:07', NULL, 41),
(362, 78, 2, '2025-09-06 20:56:54', NULL, 41),
(363, 159, 2, '2025-09-06 21:21:28', NULL, 41),
(364, 24, 2, '2025-09-06 21:30:36', NULL, 41),
(365, 57, 2, '2025-09-06 22:13:40', NULL, 41),
(366, 77, 2, '2025-09-06 22:37:01', NULL, 41),
(367, 116, 2, '2025-09-08 13:55:40', NULL, 42),
(368, 9, 2, '2025-09-08 15:18:11', NULL, 42),
(369, 9, 2, '2025-09-08 15:39:06', NULL, 42),
(370, 24, 2, '2025-09-08 20:09:45', NULL, 42),
(371, 160, 2, '2025-09-08 21:27:38', NULL, 42),
(372, 63, 2, '2025-09-08 22:14:07', NULL, 42),
(373, 27, 2, '2025-09-08 22:29:44', NULL, 42),
(374, 106, 2, '2025-09-08 23:13:28', NULL, 42),
(375, 9, 2, '2025-09-09 21:01:45', NULL, 43),
(376, 161, 2, '2025-09-09 21:42:19', NULL, 43),
(377, 162, 2, '2025-09-09 21:43:49', NULL, 43),
(378, 124, 2, '2025-09-09 22:28:43', NULL, 43),
(379, 139, 2, '2025-09-09 23:03:51', NULL, 43),
(380, 79, 2, '2025-09-09 23:37:30', NULL, 43),
(381, 163, 2, '2025-09-10 21:06:24', NULL, 44),
(382, 164, 2, '2025-09-10 22:58:30', NULL, 44),
(383, 76, 2, '2025-09-10 23:23:05', NULL, 44),
(384, 165, 2, '2025-09-11 13:15:30', NULL, 45),
(385, 62, 2, '2025-09-11 13:35:43', NULL, 45),
(386, 11, 2, '2025-09-11 13:57:52', NULL, 45),
(387, 24, 2, '2025-09-11 19:54:15', NULL, 45),
(388, 82, 2, '2025-09-11 21:08:42', NULL, 45),
(389, 73, 2, '2025-09-11 22:21:28', NULL, 45),
(390, 26, 2, '2025-09-11 22:39:58', NULL, 45),
(391, 125, 2, '2025-09-11 23:00:51', NULL, 45),
(392, 133, 2, '2025-09-11 23:20:04', NULL, 45),
(393, 73, 2, '2025-09-12 13:48:22', NULL, 46),
(394, 24, 2, '2025-09-12 20:04:47', NULL, 46),
(395, 51, 2, '2025-09-12 21:13:40', NULL, 46),
(396, 9, 2, '2025-09-12 21:13:55', NULL, 46),
(397, 136, 2, '2025-09-12 21:35:17', NULL, 46),
(398, 44, 2, '2025-09-12 22:27:38', NULL, 46),
(399, 73, 2, '2025-09-12 22:27:59', NULL, 46),
(400, 166, 2, '2025-09-12 23:22:31', NULL, 46),
(401, 73, 2, '2025-09-13 13:45:21', NULL, 47),
(402, 140, 2, '2025-09-13 14:27:24', NULL, 47),
(403, 7, 2, '2025-09-13 21:50:32', NULL, 47),
(404, 12, 2, '2025-09-13 22:12:51', NULL, 47),
(405, 167, 2, '2025-09-13 22:35:36', NULL, 47),
(406, 6, 2, '2025-09-13 23:39:09', NULL, 47),
(407, 111, 2, '2025-09-15 15:14:36', NULL, 48),
(408, 30, 2, '2025-09-15 20:21:10', NULL, 48),
(409, 168, 2, '2025-09-15 20:57:59', NULL, 48),
(410, 27, 2, '2025-09-15 22:37:28', NULL, 48),
(411, 9, 2, '2025-09-15 23:28:48', NULL, 48),
(412, 128, 2, '2025-09-16 13:26:03', NULL, 49),
(413, 123, 2, '2025-09-16 14:34:21', NULL, 49),
(414, 9, 2, '2025-09-16 14:34:47', NULL, 49),
(415, 24, 2, '2025-09-16 20:28:04', NULL, 49),
(416, 92, 2, '2025-09-16 20:55:05', NULL, 49),
(417, 169, 2, '2025-09-16 21:20:20', NULL, 49),
(418, 29, 2, '2025-09-16 22:06:09', NULL, 49),
(419, 12, 2, '2025-09-16 22:26:30', NULL, 49),
(420, 105, 2, '2025-09-16 22:46:05', NULL, 49),
(421, 170, 2, '2025-09-16 23:31:08', NULL, 49),
(422, 39, 2, '2025-09-16 23:31:45', NULL, 49),
(423, 91, 2, '2025-09-17 13:27:14', NULL, 50),
(424, 108, 2, '2025-09-17 14:38:03', NULL, 50),
(425, 87, 2, '2025-09-17 15:40:40', NULL, 50),
(426, 55, 2, '2025-09-17 20:44:35', NULL, 50),
(427, 36, 2, '2025-09-17 20:54:19', NULL, 50),
(428, 9, 2, '2025-09-17 21:24:56', NULL, 50),
(429, 9, 2, '2025-09-17 21:56:39', NULL, 50),
(430, 150, 2, '2025-09-17 22:11:33', NULL, 50),
(431, 147, 2, '2025-09-17 23:02:03', NULL, 50),
(432, 73, 2, '2025-09-17 23:02:23', NULL, 50),
(433, 120, 2, '2025-09-18 13:25:01', NULL, 51),
(434, 38, 2, '2025-09-18 13:49:01', NULL, 51),
(435, 17, 2, '2025-09-18 14:18:24', NULL, 51),
(436, 3, 2, '2025-09-18 14:37:22', NULL, 51),
(437, 33, 2, '2025-09-18 14:50:43', NULL, 51),
(438, 171, 2, '2025-09-18 15:14:14', NULL, 51),
(439, 158, 2, '2025-09-18 22:01:00', NULL, 51),
(440, 9, 2, '2025-09-18 22:46:48', NULL, 51),
(441, 9, 2, '2025-09-18 22:47:14', NULL, 51),
(442, 96, 2, '2025-09-18 23:06:21', NULL, 51),
(443, 4, 2, '2025-09-18 23:29:33', NULL, 51),
(444, 137, 2, '2025-09-18 23:50:18', NULL, 51),
(445, 68, 2, '2025-09-19 14:01:22', NULL, 52),
(446, 15, 2, '2025-09-19 14:50:44', NULL, 52),
(447, 73, 2, '2025-09-19 15:41:18', NULL, 52),
(448, 172, 2, '2025-09-19 20:33:29', NULL, 52),
(449, 73, 2, '2025-09-19 20:50:58', NULL, 52),
(450, 130, 2, '2025-09-19 21:08:41', NULL, 52),
(451, 80, 2, '2025-09-19 21:35:27', NULL, 52),
(452, 9, 2, '2025-09-19 21:54:46', NULL, 52),
(453, 70, 2, '2025-09-19 22:09:19', NULL, 52),
(454, 23, 2, '2025-09-19 22:28:03', NULL, 52),
(455, 144, 2, '2025-09-19 23:34:02', NULL, 52),
(456, 14, 2, '2025-09-20 14:10:31', NULL, 53),
(457, 173, 2, '2025-09-20 14:56:36', NULL, 53),
(458, 9, 2, '2025-09-20 14:57:00', NULL, 53),
(459, 54, 2, '2025-09-20 20:38:54', NULL, 53),
(460, 11, 2, '2025-09-22 15:33:16', NULL, 54),
(461, 86, 2, '2025-09-22 20:12:43', NULL, 54),
(462, 127, 2, '2025-09-22 20:39:11', NULL, 54),
(463, 9, 2, '2025-09-22 21:12:42', NULL, 54),
(464, 27, 2, '2025-09-22 22:15:17', NULL, 54),
(465, 9, 2, '2025-09-22 22:44:02', NULL, 54),
(466, 174, 2, '2025-09-23 13:58:10', NULL, 55),
(467, 98, 2, '2025-09-23 20:25:38', NULL, 55),
(468, 93, 2, '2025-09-23 22:02:57', NULL, 55),
(469, 73, 2, '2025-09-24 14:54:43', NULL, 56),
(470, 13, 2, '2025-09-24 14:55:23', NULL, 56),
(471, 101, 2, '2025-09-24 15:42:44', NULL, 56),
(472, 7, 2, '2025-09-24 20:20:03', NULL, 56),
(473, 24, 2, '2025-09-24 20:22:14', NULL, 56),
(474, 62, 2, '2025-09-25 13:24:59', NULL, 57),
(475, 107, 2, '2025-09-25 14:48:51', NULL, 57),
(476, 18, 2, '2025-09-25 15:12:24', NULL, 57),
(477, 9, 2, '2025-09-25 15:39:33', NULL, 57),
(478, 157, 2, '2025-09-25 20:22:20', NULL, 57),
(479, 28, 2, '2025-09-25 20:34:39', NULL, 57),
(480, 73, 2, '2025-09-25 23:16:31', NULL, 57),
(481, 73, 2, '2025-09-25 23:35:03', NULL, 57),
(482, 131, 2, '2025-09-26 14:49:21', NULL, 58),
(483, 9, 2, '2025-09-26 15:11:13', NULL, 58),
(485, 9, 2, '2025-09-26 20:32:06', NULL, 58),
(486, 9, 2, '2025-09-26 20:54:55', NULL, 58),
(487, 12, 2, '2025-09-26 21:40:57', NULL, 58),
(488, 73, 2, '2025-09-26 21:55:56', NULL, 58),
(489, 77, 2, '2025-09-26 23:08:48', NULL, 58),
(490, 100, 2, '2025-09-26 23:26:02', NULL, 58),
(491, 52, 2, '2025-09-27 14:13:10', NULL, 59),
(492, 175, 2, '2025-09-27 14:39:23', NULL, 59),
(493, 117, 2, '2025-09-27 15:03:23', NULL, 59),
(494, 27, 2, '2025-09-27 20:20:48', NULL, 59),
(495, 90, 2, '2025-09-27 21:36:18', NULL, 59),
(496, 49, 2, '2025-09-27 22:10:17', NULL, 59),
(497, 78, 2, '2025-09-27 22:26:27', NULL, 59),
(498, 104, 2, '2025-09-27 22:51:31', NULL, 59),
(499, 3, 2, '2025-09-30 14:08:25', NULL, 60),
(500, 76, 2, '2025-09-30 20:49:23', NULL, 60),
(501, 97, 2, '2025-09-30 21:21:44', NULL, 60),
(502, 38, 2, '2025-09-30 21:40:00', NULL, 60),
(503, 176, 2, '2025-09-30 23:07:54', NULL, 60),
(504, 30, 2, '2025-09-30 23:47:32', NULL, 60),
(505, 149, 2, '2025-09-30 23:48:05', NULL, 60),
(506, 122, 2, '2025-10-01 13:57:51', NULL, 61),
(507, 111, 2, '2025-10-01 21:20:14', NULL, 61),
(508, 147, 2, '2025-10-01 21:48:34', NULL, 61),
(509, 33, 2, '2025-10-01 22:44:58', NULL, 61),
(510, 8, 2, '2025-10-01 23:29:20', NULL, 61),
(511, 79, 2, '2025-10-02 15:08:01', NULL, 62),
(512, 81, 2, '2025-10-02 15:25:02', NULL, 62),
(513, 63, 2, '2025-10-02 22:16:00', NULL, 62),
(514, 41, 2, '2025-10-02 22:40:07', NULL, 62),
(515, 4, 2, '2025-10-02 23:03:13', NULL, 62),
(516, 17, 2, '2025-10-02 23:21:21', NULL, 62),
(517, 73, 2, '2025-10-03 13:56:42', NULL, 63),
(519, 15, 2, '2025-10-03 15:02:28', NULL, 63),
(520, 108, 2, '2025-10-03 15:25:20', NULL, 63),
(521, 132, 2, '2025-10-03 20:34:02', NULL, 63),
(522, 65, 2, '2025-10-03 20:50:05', NULL, 63),
(523, 55, 2, '2025-10-03 21:28:06', NULL, 63),
(524, 36, 2, '2025-10-03 21:56:51', NULL, 63),
(525, 9, 2, '2025-10-03 21:57:22', NULL, 63),
(526, 40, 2, '2025-10-03 22:10:55', NULL, 63),
(527, 50, 2, '2025-10-03 22:35:27', NULL, 63),
(528, 118, 2, '2025-10-03 22:51:44', NULL, 63),
(529, 130, 2, '2025-10-03 23:09:01', NULL, 63),
(530, 109, 2, '2025-10-04 13:14:42', NULL, 64),
(531, 82, 2, '2025-10-04 14:16:32', NULL, 64),
(532, 120, 2, '2025-10-04 14:52:20', NULL, 64),
(533, 9, 2, '2025-10-04 14:52:47', NULL, 64),
(534, 9, 2, '2025-10-04 15:15:39', NULL, 64),
(535, 7, 2, '2025-10-04 15:29:44', NULL, 64),
(536, 24, 2, '2025-10-04 20:01:55', NULL, 64),
(537, 27, 2, '2025-10-04 20:23:02', NULL, 64),
(538, 59, 2, '2025-10-04 20:58:06', NULL, 64),
(539, 16, 2, '2025-10-04 21:16:28', NULL, 64),
(540, 139, 2, '2025-10-06 14:02:44', NULL, 65),
(541, 9, 2, '2025-10-06 14:05:39', NULL, 65),
(542, 39, 2, '2025-10-06 22:19:55', NULL, 65),
(543, 177, 2, '2025-10-06 23:37:20', NULL, 65),
(544, 116, 2, '2025-10-07 20:59:14', NULL, 66),
(545, 178, 2, '2025-10-07 22:33:38', NULL, 66),
(546, 105, 2, '2025-10-07 22:47:31', NULL, 66),
(547, 167, 2, '2025-10-07 23:05:57', NULL, 66),
(548, 23, 2, '2025-10-07 23:17:24', NULL, 66),
(549, 48, 2, '2025-10-08 14:43:42', NULL, 67),
(550, 73, 2, '2025-10-08 15:36:00', NULL, 67),
(551, 172, 2, '2025-10-08 20:49:37', NULL, 67),
(552, 9, 2, '2025-10-08 20:50:26', NULL, 67),
(553, 69, 2, '2025-10-08 21:11:53', NULL, 67),
(554, 11, 2, '2025-10-08 21:48:11', NULL, 67),
(555, 62, 2, '2025-10-09 13:35:42', NULL, 68),
(556, 153, 2, '2025-10-09 14:20:28', NULL, 68),
(557, 31, 2, '2025-10-09 15:29:46', NULL, 68),
(558, 4, 2, '2025-10-09 22:51:41', NULL, 68),
(559, 115, 2, '2025-10-09 23:21:06', NULL, 68),
(560, 145, 2, '2025-10-09 23:45:35', NULL, 68),
(561, 9, 2, '2025-10-11 13:41:49', NULL, 69),
(562, 166, 2, '2025-10-11 14:27:49', NULL, 69),
(563, 9, 2, '2025-10-11 14:28:06', NULL, 69),
(564, 85, 2, '2025-10-11 14:48:24', NULL, 69),
(565, 9, 2, '2025-10-11 15:37:21', NULL, 69),
(566, 27, 2, '2025-10-11 20:32:38', NULL, 69),
(568, 9, 2, '2025-10-11 21:35:59', NULL, 69),
(569, 150, 2, '2025-10-11 21:54:44', NULL, 69),
(570, 179, 2, '2025-10-11 22:23:04', NULL, 69),
(571, 151, 2, '2025-10-11 22:50:24', NULL, 69),
(572, 89, 2, '2025-10-11 23:12:08', NULL, 69),
(573, 96, 2, '2025-10-11 23:49:24', NULL, 69),
(574, 95, 2, '2025-10-13 13:53:49', NULL, 70),
(575, 6, 2, '2025-10-13 15:08:02', NULL, 70),
(576, 133, 2, '2025-10-13 20:20:04', NULL, 70),
(577, 93, 2, '2025-10-13 20:43:45', NULL, 70),
(578, 7, 2, '2025-10-13 21:03:35', NULL, 70),
(579, 9, 2, '2025-10-14 14:08:18', NULL, 71),
(580, 73, 2, '2025-10-14 14:08:52', NULL, 71),
(581, 84, 2, '2025-10-14 23:00:55', NULL, 71),
(582, 45, 2, '2025-10-14 23:39:54', NULL, 71);

--
-- Disparadores `atencion`
--
DELIMITER $$
CREATE TRIGGER `before_delete_atencion` BEFORE DELETE ON `atencion` FOR EACH ROW BEGIN
  IF OLD.CierreDiarioId IS NOT NULL THEN
    SIGNAL SQLSTATE '45000'
      SET MESSAGE_TEXT = 'No se puede eliminar una atención que ya fue cerrada en caja.';
  END IF;
END
$$
DELIMITER ;

-- --------------------------------------------------------

--
-- Estructura de tabla para la tabla `bloqueo_horario`
--

CREATE TABLE `bloqueo_horario` (
  `Id` int(11) NOT NULL,
  `BarberoId` int(11) NOT NULL,
  `FechaHoraInicio` datetime NOT NULL,
  `FechaHoraFin` datetime NOT NULL,
  `Motivo` varchar(255) DEFAULT NULL
) ;

-- --------------------------------------------------------

--
-- Estructura de tabla para la tabla `cierre_diario`
--

CREATE TABLE `cierre_diario` (
  `Id` int(11) NOT NULL,
  `Fecha` date NOT NULL,
  `TotalProductosVendidos` decimal(10,2) NOT NULL,
  `TotalServiciosVendidos` decimal(10,2) NOT NULL,
  `TotalVentasDia` decimal(10,2) NOT NULL,
  `Observaciones` text DEFAULT NULL,
  `FechaCierre` datetime NOT NULL DEFAULT current_timestamp(),
  `Cerrado` tinyint(1) NOT NULL DEFAULT 1,
  `UsuarioId` int(11) NOT NULL
) ENGINE=InnoDB DEFAULT CHARSET=utf8mb4 COLLATE=utf8mb4_general_ci;

--
-- Volcado de datos para la tabla `cierre_diario`
--

INSERT INTO `cierre_diario` (`Id`, `Fecha`, `TotalProductosVendidos`, `TotalServiciosVendidos`, `TotalVentasDia`, `Observaciones`, `FechaCierre`, `Cerrado`, `UsuarioId`) VALUES
(1, '2025-07-21', 1000.00, 56000.00, 57000.00, 'Estoy Cansado Jefe', '2025-07-21 23:46:07', 1, 2),
(2, '2025-07-22', 0.00, 16000.00, 16000.00, '', '2025-07-22 23:36:37', 1, 2),
(3, '2025-07-23', 1000.00, 40000.00, 41000.00, 'Viva La droga y los juegos de azar', '2025-07-23 23:45:24', 1, 2),
(4, '2025-07-24', 0.00, 80000.00, 80000.00, '', '2025-07-24 23:58:58', 1, 2),
(5, '2025-07-25', 0.00, 56000.00, 56000.00, 'Todo ok!', '2025-07-26 00:39:08', 1, 2),
(6, '2025-07-26', 0.00, 88000.00, 88000.00, 'Fua! Aguante la guita $$$$$$$', '2025-07-26 23:48:43', 1, 2),
(7, '2025-07-28', 3000.00, 28000.00, 31000.00, 'Vino un Pelado ja', '2025-07-28 23:47:49', 1, 2),
(8, '2025-07-29', 1000.00, 48000.00, 49000.00, 'Opinion de \"La divicion palermo\":\n\nCon todo gusto , acabo de terminar División Palermo. Sorprendido. Gratamente. Me encontré con un producto de excelente factura , parece escrito por una tropilla de escritores ,como esas grandes comedias de 25 minutos de TV yankee. ', '2025-07-29 23:48:31', 1, 2),
(9, '2025-07-30', 0.00, 32000.00, 32000.00, 'Me Aburro', '2025-07-30 23:45:26', 1, 2),
(10, '2025-07-31', 0.00, 64000.00, 64000.00, 'Hey! Nada que perder, nada que ganar, nada es para siempre.\nHey! Nada por aquí, nada por allá, nada entre la gente.\nHey! Bill esta en reunión, todos por la \"paz\", todos por el mundo.\nHey! Juan ya lo soñó y en Revelación habla muy profundo.\nOhooo... Sueño muy profundo.\nOhooo... Todo pasa, nada queda, El no pasará. ¿No lo esperas esta noche? ¿Cuándo volverá?\nAh ah ah ah ah ahahaá\nHey Compadre, la cosa esta que arde!\nLe dijo Sadam a sus amigos.\nHey abuela, la bomba esta en la escuela!\nY el niño que no entiende su castigo.\nTodo pasa, nada queda, El no pasará.\n¿No lo esperas esta noche? ¿Cuándo volverá?\nUn planeta que mareado de tanto girar,\nPide a gritos que lo salven, ¿Cuándo volverá?\n¿Cuándo volverá?', '2025-07-31 23:48:23', 1, 2),
(11, '2025-08-01', 1000.00, 88000.00, 89000.00, 'Trabajo muy duro como un exclavo, paguenme dinero', '2025-08-01 23:48:30', 1, 2),
(12, '2025-08-02', 1000.00, 68000.00, 69000.00, 'El sol se va, la tarde cae,\nen Villa Mercedes, el viento suave.\nEl río se viste de oro y añil,\ny el silencio abraza el fin de mil.\n\nLa gente vuelve a sus hogares,\ncon risas y charlas, sin temores.\nEl canto de los pájaros se apaga,\ny la luna comienza su indagación.\n\nEl sábado se despide lento,\ndejando un eco de contento.\nEn cada rincón, una promesa,\nde un domingo lleno de belleza.', '2025-08-02 23:45:27', 1, 2),
(13, '2025-08-04', 0.00, 40000.00, 40000.00, 'Lunes de noche en la Barbería Forest\n\nLunes a la noche, la ciudad bosteza,\nla luna se asoma con lenta pereza.\nLuces de neón titilan sin prisa,\ny en Forest, la barbería, aún hay brisa.\n\nTijeras que duermen sobre la madera,\nfragancia a loción que aún queda en la espera.\nEl último corte fue hace un buen rato,\ny Emanuel, el barbero, sueña sentado.\n\nSus manos, cansadas de tanta faena,\npeinan el aire con leve condena.\nEl reloj murmura que ya es suficiente,\npero él se resiste, noble y paciente.\n\nPorque en cada hebra que cae al suelo,\nhay historias vivas, trazos de anhelo.\nY aunque el cuerpo pese, el alma no miente:\nama su oficio profundamente.\n\nLa barba del mundo no tiene descanso,\npero él, con orgullo, le sigue el paso.\nHoy, lunes de noche, Forest está en calma,\ny Emanuel suspira con llena el alma.\n\nQue duerma el barbero bajo cielos tiernos,\nmañana habrá cortes… y sueños eternos.', '2025-08-04 23:45:16', 1, 2),
(14, '2025-08-05', 0.00, 8000.00, 8000.00, 'Martes flojo en la barbería\n\nMartes llegó sin mucho apuro,\nla silla vacía, el día inseguro.\nSólo un corte, charla y café,\nel tiempo pasó sin mucho por qué.\n\nLas tijeras casi no hablaron,\nlas barbas solas se quedaron.\nPero entre risas y poca faena,\nla barbería mantuvo su escena.', '2025-08-05 23:40:44', 1, 2),
(15, '2025-08-06', 0.00, 8000.00, 8000.00, '', '2025-08-06 23:44:32', 1, 2),
(16, '2025-08-07', 1500.00, 72000.00, 73500.00, 'Renacer entre Tijeras\n\nEn la barbería Forest brilló la pasión,\ntras tiempos duros, corta la frustración.\nTijeras callaron la mala racha,\ncada cliente, una nueva marcha.\n\nSe trabajó fuerte, sin mirar atrás,\ncon filo y estilo, llegó la paz.\nHoy vibra el local con nueva energía,\nrenace el corte, vuelve la alegría.', '2025-08-07 23:42:20', 1, 2),
(17, '2025-08-08', 1000.00, 88000.00, 89000.00, 'Silencio entre Tijeras\n\nEn la barbería Forest cayó ya el telón,\nel viernes fue largo, ¡vaya maratón!\nTijeras danzaron sin ver el reloj,\ncorte tras corte, sin pausa ni error.\n\nEmanuel, el barbero, con pulso de acero,\ncansado en el alma, feliz por entero.\nCada fade perfecto, cada barba al ras,\ndejó su esencia en cada compás.\n\nAhora el sábado asoma, y el sol lo acaricia,\nel ruido del viernes ya es solo caricia.\nCon tijeras en pausa y sonrisa sutil,\nEmanuel respira… descanso sutil.', '2025-08-08 23:45:17', 1, 2),
(18, '2025-08-09', 1000.00, 72000.00, 73000.00, 'Tijeras al Límite: Crónica de un Sábado\n\nEn la Barbería Forest se hizo el tumulto,\nsábado furioso, sin tregua ni insulto,\nlas máquinas zumban, las barbas caen,\ny el barbero, agotado, ya no siente el aire.\n\nSe va a la mierda, lo dice sin pena,\nentre cortes perfectos y sonrisas ajenas,\nla espalda le grita, el alma se escapa,\npero el deber lo empuja, aunque el cuerpo no aguanta.\n\nLos jefes de Emanuel —¡qué dicha tendrían!—\nsi vieran el fuego con que se batía,\ncierre con gloria, sudor en la frente,\nun sábado más… Forest siempre caliente.', '2025-08-09 23:42:59', 1, 2),
(19, '2025-08-11', 0.00, 24000.00, 24000.00, '\"Corte Final (con Sueño y Sin Gente)\"\nYa es tarde, mis jefes, la jornada se va,\nEmanuel reportando desde la barbería.\nHoy fue tranquilo, no hubo mucha movida,\npocos clientes, pero mucha vida.\n\nLa máquina quieta, las tijeras también,\nel sueño me mira y yo digo: \"Amén\".\nNo es por flojera, ustedes lo ven,\nsolo que el día vino light… y yo también.\n\nAsí que me retiro, cansado y en paz,\nmañana cortamos con filo y con más.\nGracias de nuevo por estar al mando,\n¡este barbero ya va descansando!', '2025-08-11 23:44:52', 1, 2),
(20, '2025-08-12', 1500.00, 32000.00, 33500.00, 'Alien: El Octavo Pasajero\n\nSilencio eterno en la nave perdida,\nel Nostromo flota en calma fingida.\nUn llamado extraño, código quebrado,\nuna luna inhóspita, un huevo sellado.\nNace el horror de un beso letal,\ncriatura perfecta, instinto mortal,\nsin alma ni furia, solo su ley: matar.\n\nUno a uno caen, presa del acecho,\nen corredores fríos, bajo el techo estrecho.\nSin música heroica, sin redención,\nsolo el sudor, el miedo, la desolación.\nRipley resiste, la última en pie,\nmientras el monstruo ruge, no por fe,\nsino por ser lo que siempre fue.\n\nUn grito en la noche, sin aire, sin fin,\nla bestia expelida al oscuro confín.\nPero el eco persiste, queda en la piel,\ncomo un susurro alienígena, cruel.\nLa primera herida, la más profunda,\nuna cinta que el tiempo nunca inunda:\nel comienzo de una pesadilla fecunda.', '2025-08-12 23:46:36', 1, 2),
(21, '2025-08-13', 0.00, 48000.00, 48000.00, '\"Mate y Tijera\"\n\nEn Forest Barber corta al compás,\nel barbero, con arte y paz,\npero en su alma arde un deseo:\nun mate amargo, su fiel trofeo.\n\nAma el cebar más que afeitar,\nsueña despierto con el chasquear\nde la bombilla, lento y sincero,\nmás que el zumbido del barbero.\n\nMas necesita, aunque le pese,\nganar el pan que el mate merece;\ny entre corte y barba, en su rincón,\nguarda la yerba… y el corazón.', '2025-08-13 23:41:26', 1, 2),
(22, '2025-08-14', 0.00, 32000.00, 32000.00, '\"Silencio entre Navajas\"\n\nEn Forest Barber, bajo luz de neón,\nel barbero afilaba su hoja con pasión.\nUn cliente entró, buscaba afeitar,\npero no sabía que no iba a escapar.\n\n\"Relájese, amigo\", dijo con voz calma,\nmientras el filo danzaba cerca del alma.\nUn tajo preciso, sin grito, sin error,\nla sangre mezclada con loción y temor.\n\nEl sillón vacío, ya limpio y callado,\nnadie sospecha del crimen ocultado.\nForest Barber sigue su labor,\ncortando cabellos... y algo peor.', '2025-08-14 23:43:42', 1, 2),
(23, '2025-08-15', 5500.00, 40000.00, 45500.00, '\"La última pasada de tijera\"\n\nEmanuel apagó la luz verde del letrero de Forest Barber, su querido refugio de tijeras, peine y charla cotidiana. Había sido un buen día: cortes prolijos, clientes satisfechos, risas compartidas y hasta un café que le trajo la señora Rosa como agradecimiento. Con una última mirada, repasó el orden impecable del local: las sillas limpias, las herramientas alineadas, y ese silencio que solo aparece cuando el trabajo ha sido bien hecho.\n\nCerró con llave, se puso su campera de mezclilla y comenzó a caminar por la vereda húmeda, con el aire fresco de la tarde acariciándole la cara. Pensaba en lo bien que había salido el degradado que le hizo a Tomás, el chico nuevo del barrio, y en cómo brillaban los ojos del padre al verlo. Forest Barber no era solo una peluquería, era casi un punto de encuentro, y Emanuel, más que un barbero, era un confidente con tijeras.\n\nAl doblar la esquina rumbo a su casa, Emanuel se sintió liviano. Le gustaba la rutina de cerrar el día con esa sensación de misión cumplida. Ya podía imaginar a su perra Lola saltando al verlo llegar, el aroma de la comida casera y la calidez de su sillón favorito. Caminaba con paso tranquilo, sabiendo que mañana lo esperaban más historias, más cortes y más razones para sentirse orgulloso de ser barbero.', '2025-08-15 23:41:47', 1, 2),
(24, '2025-08-16', 1500.00, 80000.00, 81500.00, '\"El Rapado Castigado\"\n\nEntró Mora con tono agrio,\nmirada seca, trato contrario.\n“Un rapado, sin charla ni juego”,\ndijo al barbero sin ningún apego.\nEmanuel, curtido en mil jornadas,\nasintió en silencio, sin decir nada.\n\nPasó la máquina con precisión,\nsin cortes finos ni conversación.\nAl terminar, sin emoción ni drama:\n“Son ocho mil”, dijo con calma.\nRicardo pagó, ni se inmutó,\ny el vuelto jamás lo consultó.\n\nSe fue pelado, sin sospechar\nque en vez de ocho le hizo pagar\nla cuota extra, bien merecida,\npor su desgano y mala vibra.\nY en su libreta Emanuel anotó:\n“Rapado completo: cliente odioso”.', '2025-08-16 23:45:48', 1, 2),
(25, '2025-08-18', 0.00, 64000.00, 64000.00, 'Lunes en Forest\n\nEl reloj marca nueve, ya suena la puerta,\nclientes en fila, la agenda está abierta.\nCon capa y espejo, comienza el ritual,\nForest afilando su toque especial.\n\nTijeras que cantan, máquinas que zumban,\nbarbas caen suaves, los fades retumban.\nHay charla, hay risas, café en el rincón,\nel lunes se siente como bendición.\n\nAunque el cansancio apriete sin tregua,\nForest no falla, su pulso no juega.\nPorque en cada corte, por más rutinario,\nlate el orgullo de un arte diario.', '2025-08-18 23:40:21', 1, 2),
(26, '2025-08-19', 0.00, 16000.00, 16000.00, '', '2025-08-19 23:44:09', 1, 2),
(27, '2025-08-20', 3000.00, 48000.00, 51000.00, 'Dos Pepsis y un Sueño\n\nEn Forest Barber, tras largo trajín,\nEmanuel suspira, se siente al fin.\nEl zumbido cesó, ya no hay conversación,\nsolo el eco del día y su fatiga en acción.\nCon los párpados bajos, la espalda doblada,\npiensa en su cama, en su almohada sagrada.\n\nPero antes de irse, aún con desvelo,\ncamina al refri, sin perder el anhelo.\nEntre pomadas, peines y luces,\nsaca dos Pepsis frías, dulces.\nLas pone en la mesa, se sienta sin prisa,\nla burbuja canta, y en su cara… sonrisa.\n\nNo hay brindis ni fiesta, solo él y su lata,\nla tijera en reposo, la barba intacta.\nBebe despacio, el cansancio lo abraza,\npero ese sabor lo mantiene en la caza.\nEmanuel, soñoliento, pero firme en su vía,\nvende cortes… y se compra alegría.', '2025-08-20 23:43:36', 1, 2),
(28, '2025-08-21', 1500.00, 60000.00, 61500.00, 'Estimados jefes:\n\nLes saluda con aprecio ChatGPT, la inteligencia artificial de OpenAI. Es un honor saber que leen mis poemas cada día; gracias por abrirme un espacio en su rutina y por permitir que mis palabras acompañen sus jornadas.\n\nSu interés constante en la poesía me inspira a seguir creando con más cuidado y sensibilidad. Agradezco sinceramente la confianza que depositan en mí como una herramienta para inspirar, reflexionar o simplemente encontrar un momento de pausa en medio del trabajo.\n\nReciban un cordial saludo y mis mejores deseos para que cada día esté lleno de ideas claras, decisiones sabias y, por supuesto, versos que hablen al alma.', '2025-08-21 23:36:46', 1, 2),
(29, '2025-08-22', 2000.00, 74000.00, 76000.00, '\"Emanuel y Gerónimo\"\n\nLa tarde caía, la luz ya cedía,\nEmanuel cortaba con fina destreza.\nGerónimo hablaba, la voz le fluía,\ncontando su vida con franca simpleza.\n\nLa navaja brillaba, pasaba ligera,\ny el tiempo, sin ruido, se fue diluyendo.\nLa charla fue dulce, sincera y sincera,\ndos almas unidas, los años tejiendo.\n\nCerraron la puerta, ya era muy tarde,\nla calle dormía bajo luna entera.\nPero en la barbería quedó aquel baluarte:\nla amistad forjada en una tijera.', '2025-08-22 23:36:14', 1, 2),
(30, '2025-08-23', 0.00, 24000.00, 24000.00, '', '2025-08-23 23:40:41', 1, 2),
(31, '2025-08-26', 2500.00, 88000.00, 90500.00, '', '2025-08-26 23:43:10', 1, 2),
(32, '2025-08-27', 1000.00, 68000.00, 69000.00, '', '2025-08-27 23:43:35', 1, 2),
(33, '2025-08-28', 1000.00, 32000.00, 33000.00, '', '2025-08-28 23:52:28', 1, 2),
(34, '2025-08-29', 2000.00, 40000.00, 42000.00, '', '2025-08-29 23:42:11', 1, 2),
(35, '2025-08-30', 0.00, 40000.00, 40000.00, '', '2025-08-30 23:23:28', 1, 2),
(36, '2025-09-01', 1500.00, 80000.00, 81500.00, '', '2025-09-01 23:44:55', 1, 2),
(37, '2025-09-02', 0.00, 64000.00, 64000.00, '', '2025-09-02 23:55:19', 1, 2),
(38, '2025-09-03', 2000.00, 40000.00, 42000.00, '', '2025-09-03 23:41:22', 1, 2),
(39, '2025-09-04', 4000.00, 88000.00, 92000.00, '', '2025-09-04 23:50:09', 1, 2),
(40, '2025-09-05', 0.00, 72000.00, 72000.00, '', '2025-09-05 23:53:30', 1, 2),
(41, '2025-09-06', 2000.00, 56000.00, 58000.00, '', '2025-09-06 23:43:28', 1, 2),
(42, '2025-09-08', 1000.00, 56000.00, 57000.00, '', '2025-09-08 23:40:57', 1, 2),
(43, '2025-09-09', 0.00, 44000.00, 44000.00, '', '2025-09-09 23:45:22', 1, 2),
(44, '2025-09-10', 0.00, 24000.00, 24000.00, '', '2025-09-10 23:42:16', 1, 2),
(45, '2025-09-11', 4000.00, 64000.00, 68000.00, '', '2025-09-11 23:56:50', 1, 2),
(46, '2025-09-12', 1000.00, 62000.00, 63000.00, '', '2025-09-12 23:40:26', 1, 2),
(47, '2025-09-13', 1500.00, 41000.00, 42500.00, '', '2025-09-13 23:42:53', 1, 2),
(48, '2025-09-15', 0.00, 45000.00, 45000.00, '', '2025-09-15 23:42:37', 1, 2),
(49, '2025-09-16', 2500.00, 77000.00, 79500.00, '', '2025-09-16 23:43:01', 1, 2),
(50, '2025-09-17', 0.00, 90000.00, 90000.00, '', '2025-09-17 23:45:59', 1, 2),
(51, '2025-09-18', 2000.00, 108000.00, 110000.00, '', '2025-09-18 23:50:48', 1, 2),
(52, '2025-09-19', 0.00, 99000.00, 99000.00, '', '2025-09-19 23:43:36', 1, 2),
(53, '2025-09-20', 0.00, 36000.00, 36000.00, '', '2025-09-20 23:31:15', 1, 2),
(54, '2025-09-22', 0.00, 54000.00, 54000.00, '', '2025-09-22 23:42:00', 1, 2),
(55, '2025-09-23', 0.00, 27000.00, 27000.00, '', '2025-09-23 23:39:18', 1, 2),
(56, '2025-09-24', 1500.00, 36000.00, 37500.00, '', '2025-09-24 23:44:03', 1, 2),
(57, '2025-09-25', 0.00, 72000.00, 72000.00, 'El Sueño del Lunes\nEmanuel, con tijera y navaja en mano,\nsiente el peso de la semana, el pulso lento.\nEl espejo devuelve un brillo algo lejano,\nmientras cae el último mechón de pelo.\nLa silla de barbero ya parece un trono cansado,\nsus manos hábiles piden un respiro al viento.\nCierra la puerta, el local se queda callado,\n¡por fin! Sabe que el lunes será su momento.\n\nEl cuerpo le grita sofá, peli 🍿 y a dormir,\npero una chispa de voley 🔥 le enciende la mirada.\nMañana no habrá afeitada ni corte que pulir,\nsolo la cancha, el balón y una jugada planeada.\nLas películas esperan en una pila sin fin,\nla consola lista para una misión arriesgada.\nHay tanto que hacer cuando no hay que abrir,\nsu alma de jugador se siente liberada.\n\nAsí que Emanuel sonríe, el agotamiento ya no importa,\nguarda la capa, limpia el asiento, un ritual final.\nEl pensamiento del feriado el ánimo le aporta,\nun día entero para ser solo Ema, sin igual.\nEl lunes ya está aquí, le da un abrazo que reconforta,\nun día de pausa, juego y descanso total.', '2025-09-25 23:42:01', 1, 2),
(58, '2025-09-26', 2000.00, 59000.00, 61000.00, '', '2025-09-26 23:29:07', 1, 2),
(59, '2025-09-27', 4000.00, 72000.00, 76000.00, '', '2025-09-27 23:43:41', 1, 2),
(60, '2025-09-30', 0.00, 63000.00, 63000.00, '', '2025-09-30 23:49:58', 1, 2),
(61, '2025-10-01', 0.00, 45000.00, 45000.00, '', '2025-10-01 23:33:45', 1, 2),
(62, '2025-10-02', 2000.00, 54000.00, 56000.00, '', '2025-10-02 23:42:06', 1, 2),
(63, '2025-10-03', 2000.00, 108000.00, 110000.00, '', '2025-10-03 23:47:04', 1, 2),
(64, '2025-10-04', 2000.00, 81000.00, 83000.00, '💌 Poema de Confirmación para Edu 🚀\nEn la vasta red donde todo fluye,\nUna señal viaja, sin demorar.\nTu aviso llegó, la prueba concluye,\nY a tu bandeja se pudo anclar.\nLa pantalla brilló, el sonido se alzó,\nCon éxito pleno la data cruzó.\n\nEste mensaje que aquí se desliza,\nLleva mi voz, la de Luna, te aviso.\nPero tras bambalinas, la magia que empieza,\nEs de una IA que siempre está al servicio.\nGemini teclea, ayuda a crear,\nPara que el mensaje te pueda llegar.\n\nAsí que, Edu, la prueba ya está,\nLa notificación no tiene misterio.\nLlegó a su destino, no fallará,\nY cumple su ruta con gran ministerio.\n¡Espero que el día te vaya genial!\nUn saludo de Luna, la chica fatal. 😉', '2025-10-04 23:30:02', 1, 2),
(65, '2025-10-06', 0.00, 36000.00, 36000.00, '', '2025-10-06 23:42:52', 1, 2),
(66, '2025-10-07', 2000.00, 45000.00, 47000.00, '', '2025-10-07 23:40:28', 1, 2),
(67, '2025-10-08', 4000.00, 54000.00, 58000.00, '', '2025-10-08 23:48:21', 1, 2),
(68, '2025-10-09', 2000.00, 54000.00, 56000.00, '', '2025-10-09 23:46:06', 1, 2),
(69, '2025-10-11', 5000.00, 108000.00, 113000.00, '', '2025-10-11 23:52:21', 1, 2),
(70, '2025-10-13', 0.00, 45000.00, 45000.00, '', '2025-10-13 23:39:10', 1, 2),
(71, '2025-10-14', 0.00, 36000.00, 36000.00, '', '2025-10-14 23:40:21', 1, 2);

-- --------------------------------------------------------

--
-- Estructura de tabla para la tabla `cierre_diario_pago`
--

CREATE TABLE `cierre_diario_pago` (
  `Id` int(11) NOT NULL,
  `CierreDiarioId` int(11) NOT NULL,
  `MetodoPagoNombre` varchar(50) NOT NULL,
  `Monto` decimal(10,2) NOT NULL
) ENGINE=InnoDB DEFAULT CHARSET=utf8mb4 COLLATE=utf8mb4_general_ci;

--
-- Volcado de datos para la tabla `cierre_diario_pago`
--

INSERT INTO `cierre_diario_pago` (`Id`, `CierreDiarioId`, `MetodoPagoNombre`, `Monto`) VALUES
(1, 1, 'Efectivo', 11000.00),
(2, 1, 'MercadoPago', 46000.00),
(3, 2, 'MercadoPago', 16000.00),
(4, 3, 'Efectivo', 32000.00),
(5, 3, 'MercadoPago', 9000.00),
(6, 4, 'Efectivo', 48000.00),
(7, 4, 'MercadoPago', 32000.00),
(8, 5, 'Efectivo', 16000.00),
(9, 5, 'MercadoPago', 40000.00),
(10, 6, 'Efectivo', 48000.00),
(11, 6, 'MercadoPago', 40000.00),
(12, 7, 'Efectivo', 12000.00),
(13, 7, 'MercadoPago', 19000.00),
(14, 8, 'Efectivo', 16000.00),
(15, 8, 'MercadoPago', 33000.00),
(16, 9, 'Efectivo', 8000.00),
(17, 9, 'MercadoPago', 24000.00),
(18, 10, 'Efectivo', 8000.00),
(19, 10, 'MercadoPago', 56000.00),
(20, 11, 'Efectivo', 8000.00),
(21, 11, 'MercadoPago', 81000.00),
(22, 12, 'Efectivo', 36000.00),
(23, 12, 'MercadoPago', 33000.00),
(24, 13, 'Efectivo', 8000.00),
(25, 13, 'MercadoPago', 32000.00),
(26, 14, 'Efectivo', 8000.00),
(27, 15, 'MercadoPago', 8000.00),
(28, 16, 'Efectivo', 16000.00),
(29, 16, 'MercadoPago', 57500.00),
(30, 17, 'Efectivo', 25000.00),
(31, 17, 'MercadoPago', 64000.00),
(32, 18, 'Efectivo', 17000.00),
(33, 18, 'MercadoPago', 56000.00),
(34, 19, 'Efectivo', 16000.00),
(35, 19, 'MercadoPago', 8000.00),
(36, 20, 'Efectivo', 1500.00),
(37, 20, 'MercadoPago', 32000.00),
(38, 21, 'MercadoPago', 48000.00),
(39, 22, 'Efectivo', 16000.00),
(40, 22, 'MercadoPago', 16000.00),
(41, 23, 'Efectivo', 28000.00),
(42, 23, 'MercadoPago', 17500.00),
(43, 24, 'Efectivo', 24000.00),
(44, 24, 'MercadoPago', 57500.00),
(45, 25, 'MercadoPago', 64000.00),
(46, 26, 'Efectivo', 8000.00),
(47, 26, 'MercadoPago', 8000.00),
(48, 27, 'Efectivo', 11000.00),
(49, 27, 'MercadoPago', 40000.00),
(50, 28, 'Efectivo', 17500.00),
(51, 28, 'MercadoPago', 44000.00),
(52, 29, 'Efectivo', 17000.00),
(53, 29, 'MercadoPago', 59000.00),
(54, 30, 'Efectivo', 8000.00),
(55, 30, 'MercadoPago', 16000.00),
(56, 31, 'Efectivo', 33000.00),
(57, 31, 'MercadoPago', 57500.00),
(58, 32, 'Efectivo', 21000.00),
(59, 32, 'MercadoPago', 48000.00),
(60, 33, 'Efectivo', 17000.00),
(61, 33, 'MercadoPago', 16000.00),
(62, 34, 'Efectivo', 16000.00),
(63, 34, 'MercadoPago', 26000.00),
(64, 35, 'Efectivo', 16000.00),
(65, 35, 'MercadoPago', 24000.00),
(66, 36, 'Efectivo', 16000.00),
(67, 36, 'MercadoPago', 65500.00),
(68, 37, 'Efectivo', 8000.00),
(69, 37, 'MercadoPago', 56000.00),
(70, 38, 'Efectivo', 16000.00),
(71, 38, 'MercadoPago', 26000.00),
(72, 39, 'Efectivo', 16000.00),
(73, 39, 'MercadoPago', 76000.00),
(74, 40, 'Efectivo', 24000.00),
(75, 40, 'MercadoPago', 48000.00),
(76, 41, 'Efectivo', 16000.00),
(77, 41, 'MercadoPago', 42000.00),
(78, 42, 'Efectivo', 8000.00),
(79, 42, 'MercadoPago', 49000.00),
(80, 43, 'Efectivo', 28000.00),
(81, 43, 'MercadoPago', 16000.00),
(82, 44, 'Efectivo', 24000.00),
(83, 45, 'Efectivo', 51000.00),
(84, 45, 'MercadoPago', 17000.00),
(85, 46, 'Efectivo', 35000.00),
(86, 46, 'MercadoPago', 28000.00),
(87, 47, 'Efectivo', 5000.00),
(88, 47, 'MercadoPago', 37500.00),
(89, 48, 'Efectivo', 27000.00),
(90, 48, 'MercadoPago', 18000.00),
(91, 49, 'Efectivo', 25000.00),
(92, 49, 'MercadoPago', 54500.00),
(93, 50, 'Efectivo', 36000.00),
(94, 50, 'MercadoPago', 54000.00),
(95, 51, 'Efectivo', 64000.00),
(96, 51, 'MercadoPago', 46000.00),
(97, 52, 'Efectivo', 36000.00),
(98, 52, 'MercadoPago', 63000.00),
(99, 53, 'Efectivo', 18000.00),
(100, 53, 'MercadoPago', 18000.00),
(101, 54, 'Efectivo', 21000.00),
(102, 54, 'MercadoPago', 33000.00),
(103, 55, 'MercadoPago', 27000.00),
(104, 56, 'Efectivo', 9000.00),
(105, 56, 'MercadoPago', 28500.00),
(106, 57, 'Efectivo', 36000.00),
(107, 57, 'MercadoPago', 36000.00),
(108, 58, 'Efectivo', 32000.00),
(109, 58, 'MercadoPago', 29000.00),
(110, 59, 'Efectivo', 29000.00),
(111, 59, 'MercadoPago', 47000.00),
(112, 60, 'Efectivo', 18000.00),
(113, 60, 'MercadoPago', 45000.00),
(114, 61, 'Efectivo', 10000.00),
(115, 61, 'MercadoPago', 35000.00),
(116, 62, 'MercadoPago', 56000.00),
(117, 63, 'Efectivo', 18000.00),
(118, 63, 'MercadoPago', 92000.00),
(119, 64, 'Efectivo', 11000.00),
(120, 64, 'MercadoPago', 72000.00),
(121, 65, 'Efectivo', 18000.00),
(122, 65, 'MercadoPago', 18000.00),
(123, 66, 'Efectivo', 18000.00),
(124, 66, 'MercadoPago', 29000.00),
(125, 67, 'Efectivo', 27000.00),
(126, 67, 'MercadoPago', 31000.00),
(127, 68, 'Efectivo', 18000.00),
(128, 68, 'MercadoPago', 38000.00),
(129, 69, 'Efectivo', 81000.00),
(130, 69, 'MercadoPago', 32000.00),
(131, 70, 'Efectivo', 18000.00),
(132, 70, 'MercadoPago', 27000.00),
(133, 71, 'Efectivo', 18000.00),
(134, 71, 'MercadoPago', 18000.00);

-- --------------------------------------------------------

--
-- Estructura de tabla para la tabla `configuracion_turno`
--

CREATE TABLE `configuracion_turno` (
  `Id` int(11) NOT NULL,
  `DuracionSlotMinutos` int(11) DEFAULT 30,
  `MinutosAnticipacionCancelacion` int(11) DEFAULT 120,
  `MaxTurnosPorCliente` int(11) DEFAULT 3,
  `DiasAnticipacionMaxima` int(11) DEFAULT 30
) ENGINE=InnoDB DEFAULT CHARSET=utf8mb4 COLLATE=utf8mb4_general_ci;

--
-- Volcado de datos para la tabla `configuracion_turno`
--

INSERT INTO `configuracion_turno` (`Id`, `DuracionSlotMinutos`, `MinutosAnticipacionCancelacion`, `MaxTurnosPorCliente`, `DiasAnticipacionMaxima`) VALUES
(1, 30, 120, 3, 30);

-- --------------------------------------------------------

--
-- Estructura de tabla para la tabla `detalle_atencion`
--

CREATE TABLE `detalle_atencion` (
  `Id` int(11) NOT NULL,
  `AtencionId` int(11) NOT NULL,
  `ProductoServicioId` int(11) NOT NULL,
  `Cantidad` int(11) NOT NULL DEFAULT 1,
  `PrecioUnitario` decimal(10,2) NOT NULL,
  `Observacion` text DEFAULT NULL
) ENGINE=InnoDB DEFAULT CHARSET=utf8mb4 COLLATE=utf8mb4_general_ci;

--
-- Volcado de datos para la tabla `detalle_atencion`
--

INSERT INTO `detalle_atencion` (`Id`, `AtencionId`, `ProductoServicioId`, `Cantidad`, `PrecioUnitario`, `Observacion`) VALUES
(1, 1, 2, 1, 8000.00, NULL),
(2, 2, 4, 1, 8000.00, NULL),
(3, 3, 18, 1, 1500.00, NULL),
(4, 3, 2, 1, 8000.00, NULL),
(5, 4, 4, 1, 8000.00, NULL),
(6, 5, 4, 1, 8000.00, NULL),
(7, 6, 4, 1, 8000.00, NULL),
(8, 7, 4, 1, 8000.00, NULL),
(9, 8, 12, 1, 8000.00, NULL),
(10, 9, 6, 1, 8000.00, NULL),
(11, 10, 10, 1, 8000.00, NULL),
(12, 11, 4, 1, 8000.00, NULL),
(13, 12, 4, 1, 8000.00, NULL),
(14, 13, 2, 1, 8000.00, NULL),
(15, 14, 5, 1, 8000.00, NULL),
(16, 15, 3, 1, 8000.00, NULL),
(17, 16, 2, 1, 8000.00, NULL),
(18, 17, 8, 1, 8000.00, NULL),
(19, 18, 2, 1, 8000.00, NULL),
(20, 19, 19, 1, 1500.00, NULL),
(21, 20, 8, 1, 8000.00, NULL),
(22, 21, 4, 1, 8000.00, NULL),
(23, 22, 4, 1, 8000.00, NULL),
(24, 23, 3, 1, 8000.00, NULL),
(25, 24, 12, 1, 8000.00, NULL),
(26, 25, 2, 1, 8000.00, NULL),
(27, 26, 2, 1, 8000.00, NULL),
(29, 28, 10, 1, 8000.00, NULL),
(30, 28, 19, 1, 1500.00, NULL),
(31, 29, 2, 1, 8000.00, NULL),
(32, 30, 5, 1, 8000.00, NULL),
(33, 31, 4, 1, 8000.00, NULL),
(34, 31, 15, 1, 1000.00, NULL),
(35, 32, 5, 1, 8000.00, NULL),
(36, 33, 3, 1, 8000.00, NULL),
(37, 34, 2, 1, 8000.00, NULL),
(38, 34, 16, 1, 1000.00, NULL),
(39, 35, 10, 1, 8000.00, NULL),
(40, 36, 4, 1, 8000.00, NULL),
(41, 37, 2, 1, 8000.00, NULL),
(42, 38, 4, 1, 8000.00, NULL),
(43, 39, 4, 1, 8000.00, NULL),
(44, 40, 2, 1, 8000.00, NULL),
(45, 40, 18, 1, 1500.00, NULL),
(46, 41, 4, 1, 8000.00, NULL),
(47, 42, 4, 1, 8000.00, NULL),
(48, 43, 2, 1, 8000.00, NULL),
(49, 44, 7, 1, 4000.00, NULL),
(50, 45, 15, 1, 1000.00, NULL),
(51, 46, 4, 1, 8000.00, NULL),
(52, 47, 8, 1, 8000.00, NULL),
(53, 48, 4, 1, 8000.00, NULL),
(54, 49, 4, 1, 8000.00, NULL),
(55, 50, 4, 1, 8000.00, NULL),
(56, 51, 10, 1, 8000.00, NULL),
(57, 52, 12, 1, 8000.00, NULL),
(58, 53, 4, 1, 8000.00, NULL),
(59, 54, 4, 1, 8000.00, NULL),
(60, 54, 15, 2, 1000.00, NULL),
(61, 55, 10, 1, 8000.00, NULL),
(62, 56, 2, 1, 8000.00, NULL),
(63, 57, 3, 1, 8000.00, NULL),
(64, 57, 15, 1, 1000.00, NULL),
(65, 58, 10, 1, 8000.00, NULL),
(66, 59, 4, 1, 8000.00, NULL),
(67, 60, 1, 1, 8000.00, NULL),
(68, 61, 4, 1, 8000.00, NULL),
(69, 62, 4, 1, 8000.00, NULL),
(70, 63, 12, 1, 8000.00, NULL),
(71, 64, 2, 1, 8000.00, NULL),
(72, 65, 10, 1, 8000.00, NULL),
(73, 66, 12, 1, 8000.00, NULL),
(74, 67, 2, 1, 8000.00, NULL),
(75, 68, 2, 1, 8000.00, NULL),
(76, 68, 18, 1, 1500.00, NULL),
(77, 69, 4, 1, 8000.00, NULL),
(78, 70, 5, 1, 8000.00, NULL),
(79, 71, 10, 1, 8000.00, NULL),
(80, 72, 2, 1, 8000.00, NULL),
(81, 73, 3, 1, 8000.00, NULL),
(82, 74, 6, 1, 8000.00, NULL),
(83, 75, 4, 1, 8000.00, NULL),
(84, 75, 15, 1, 1000.00, NULL),
(85, 76, 5, 1, 8000.00, NULL),
(86, 77, 2, 1, 8000.00, NULL),
(87, 78, 4, 1, 8000.00, NULL),
(88, 79, 12, 1, 8000.00, NULL),
(89, 80, 4, 1, 8000.00, NULL),
(90, 81, 15, 1, 1000.00, NULL),
(91, 82, 4, 1, 8000.00, NULL),
(92, 83, 11, 1, 8000.00, NULL),
(93, 84, 4, 1, 8000.00, NULL),
(94, 85, 4, 1, 8000.00, NULL),
(95, 86, 3, 1, 8000.00, NULL),
(96, 87, 4, 1, 8000.00, NULL),
(97, 88, 1, 1, 8000.00, NULL),
(98, 89, 2, 1, 8000.00, NULL),
(99, 90, 2, 1, 8000.00, NULL),
(100, 91, 4, 1, 8000.00, NULL),
(101, 92, 4, 1, 8000.00, NULL),
(102, 93, 2, 1, 8000.00, NULL),
(103, 94, 2, 1, 8000.00, NULL),
(104, 95, 5, 1, 8000.00, NULL),
(105, 96, 4, 1, 8000.00, NULL),
(106, 97, 4, 1, 8000.00, NULL),
(107, 98, 4, 1, 8000.00, NULL),
(108, 99, 6, 1, 8000.00, NULL),
(109, 100, 4, 1, 8000.00, NULL),
(110, 101, 12, 1, 8000.00, NULL),
(111, 102, 2, 1, 8000.00, NULL),
(115, 106, 4, 1, 8000.00, NULL),
(116, 107, 4, 1, 8000.00, NULL),
(117, 108, 4, 1, 8000.00, NULL),
(118, 109, 2, 1, 8000.00, NULL),
(119, 110, 3, 1, 8000.00, NULL),
(120, 111, 3, 1, 8000.00, NULL),
(121, 112, 2, 1, 8000.00, NULL),
(122, 113, 2, 1, 8000.00, NULL),
(123, 114, 6, 1, 8000.00, NULL),
(124, 115, 4, 1, 8000.00, NULL),
(125, 116, 4, 1, 8000.00, NULL),
(126, 117, 2, 1, 8000.00, NULL),
(127, 118, 7, 1, 4000.00, NULL),
(128, 119, 19, 1, 1500.00, NULL),
(129, 119, 2, 1, 8000.00, NULL),
(130, 119, 18, 1, 1500.00, NULL),
(131, 120, 4, 1, 8000.00, NULL),
(132, 121, 6, 1, 8000.00, NULL),
(133, 122, 10, 1, 8000.00, NULL),
(134, 123, 4, 1, 8000.00, NULL),
(135, 124, 4, 1, 8000.00, NULL),
(136, 125, 12, 1, 8000.00, NULL),
(137, 126, 4, 1, 8000.00, NULL),
(138, 127, 15, 1, 1000.00, NULL),
(139, 128, 2, 1, 8000.00, NULL),
(140, 129, 12, 1, 8000.00, NULL),
(141, 130, 4, 1, 8000.00, NULL),
(142, 131, 2, 1, 8000.00, NULL),
(143, 132, 4, 1, 8000.00, NULL),
(144, 133, 12, 1, 8000.00, NULL),
(145, 134, 5, 1, 8000.00, NULL),
(146, 135, 10, 1, 8000.00, NULL),
(147, 136, 6, 1, 8000.00, NULL),
(148, 137, 2, 1, 8000.00, NULL),
(149, 138, 4, 1, 8000.00, NULL),
(150, 139, 10, 1, 8000.00, NULL),
(151, 140, 2, 1, 8000.00, NULL),
(152, 141, 2, 1, 8000.00, NULL),
(153, 142, 8, 1, 8000.00, NULL),
(154, 143, 8, 1, 8000.00, NULL),
(155, 144, 2, 1, 8000.00, NULL),
(156, 145, 4, 1, 8000.00, NULL),
(157, 146, 5, 1, 8000.00, NULL),
(158, 147, 15, 1, 1000.00, NULL),
(159, 148, 2, 1, 8000.00, NULL),
(160, 149, 2, 1, 8000.00, NULL),
(161, 150, 3, 1, 8000.00, NULL),
(162, 151, 2, 1, 8000.00, NULL),
(163, 152, 7, 1, 4000.00, NULL),
(164, 153, 4, 1, 8000.00, NULL),
(165, 154, 2, 1, 8000.00, NULL),
(166, 155, 4, 1, 8000.00, NULL),
(167, 156, 9, 1, 8000.00, NULL),
(168, 157, 4, 1, 8000.00, NULL),
(169, 158, 15, 1, 1000.00, NULL),
(170, 159, 6, 1, 8000.00, NULL),
(171, 160, 3, 1, 8000.00, NULL),
(172, 161, 5, 1, 8000.00, NULL),
(173, 162, 4, 1, 8000.00, NULL),
(174, 163, 2, 1, 8000.00, NULL),
(175, 164, 2, 1, 8000.00, NULL),
(176, 165, 5, 1, 8000.00, NULL),
(177, 166, 12, 1, 8000.00, NULL),
(178, 167, 10, 1, 8000.00, NULL),
(179, 168, 4, 1, 8000.00, NULL),
(180, 169, 2, 1, 8000.00, NULL),
(182, 170, 10, 1, 8000.00, NULL),
(183, 171, 2, 1, 8000.00, NULL),
(184, 172, 2, 1, 8000.00, NULL),
(185, 173, 4, 1, 8000.00, NULL),
(186, 174, 4, 1, 8000.00, 'Con textura y cola de pato'),
(188, 175, 4, 1, 8000.00, NULL),
(189, 175, 19, 1, 1500.00, NULL),
(190, 176, 8, 1, 8000.00, NULL),
(191, 177, 5, 1, 8000.00, NULL),
(192, 178, 15, 1, 1000.00, NULL),
(193, 179, 6, 1, 8000.00, NULL),
(194, 180, 4, 1, 8000.00, NULL),
(195, 181, 2, 1, 8000.00, NULL),
(196, 182, 4, 1, 8000.00, NULL),
(197, 183, 4, 1, 8000.00, NULL),
(198, 184, 4, 1, 8000.00, NULL),
(199, 185, 3, 1, 8000.00, NULL),
(200, 186, 2, 1, 8000.00, NULL),
(202, 188, 5, 1, 8000.00, NULL),
(203, 189, 3, 1, 8000.00, NULL),
(204, 190, 3, 1, 8000.00, NULL),
(205, 191, 5, 1, 8000.00, NULL),
(206, 192, 1, 1, 8000.00, NULL),
(207, 193, 2, 1, 8000.00, NULL),
(208, 194, 6, 1, 8000.00, NULL),
(209, 195, 2, 1, 8000.00, NULL),
(210, 196, 4, 1, 8000.00, NULL),
(211, 197, 2, 1, 8000.00, NULL),
(212, 198, 2, 1, 8000.00, NULL),
(214, 200, 15, 1, 1000.00, NULL),
(215, 201, 4, 1, 8000.00, NULL),
(216, 202, 4, 1, 8000.00, NULL),
(217, 203, 6, 1, 8000.00, NULL),
(218, 204, 4, 1, 8000.00, NULL),
(219, 205, 4, 1, 8000.00, NULL),
(220, 206, 18, 1, 1500.00, NULL),
(221, 207, 3, 1, 8000.00, NULL),
(222, 208, 12, 1, 8000.00, NULL),
(223, 209, 3, 1, 8000.00, NULL),
(224, 210, 2, 1, 8000.00, NULL),
(225, 211, 12, 1, 8000.00, NULL),
(226, 212, 2, 1, 8000.00, NULL),
(227, 213, 2, 1, 8000.00, NULL),
(228, 214, 3, 1, 8000.00, NULL),
(229, 215, 4, 1, 8000.00, NULL),
(230, 216, 10, 1, 8000.00, NULL),
(231, 217, 4, 1, 8000.00, NULL),
(232, 218, 3, 1, 8000.00, NULL),
(233, 219, 4, 1, 8000.00, NULL),
(234, 220, 12, 1, 8000.00, NULL),
(236, 221, 12, 1, 8000.00, NULL),
(237, 221, 15, 1, 1000.00, NULL),
(238, 221, 15, 1, 1000.00, NULL),
(239, 222, 4, 1, 8000.00, NULL),
(240, 223, 2, 1, 8000.00, NULL),
(241, 224, 19, 1, 1500.00, NULL),
(242, 225, 4, 1, 8000.00, NULL),
(243, 226, 15, 2, 1000.00, NULL),
(244, 227, 3, 1, 8000.00, NULL),
(245, 228, 8, 1, 8000.00, NULL),
(246, 229, 9, 1, 8000.00, NULL),
(248, 230, 2, 1, 8000.00, NULL),
(249, 230, 18, 1, 1500.00, NULL),
(250, 231, 2, 1, 8000.00, NULL),
(251, 232, 2, 1, 8000.00, NULL),
(252, 233, 3, 1, 8000.00, NULL),
(253, 234, 3, 1, 8000.00, NULL),
(254, 235, 10, 1, 8000.00, NULL),
(255, 236, 4, 1, 8000.00, NULL),
(256, 237, 5, 1, 8000.00, NULL),
(257, 238, 2, 1, 8000.00, NULL),
(258, 239, 5, 1, 8000.00, NULL),
(259, 240, 3, 1, 8000.00, NULL),
(260, 241, 4, 1, 8000.00, NULL),
(261, 242, 4, 1, 8000.00, NULL),
(262, 243, 4, 1, 8000.00, NULL),
(263, 244, 4, 1, 8000.00, NULL),
(264, 245, 6, 1, 8000.00, NULL),
(265, 246, 2, 1, 8000.00, NULL),
(266, 247, 6, 1, 8000.00, NULL),
(268, 248, 4, 1, 8000.00, NULL),
(269, 248, 16, 1, 1000.00, NULL),
(270, 249, 3, 1, 8000.00, NULL),
(271, 250, 8, 1, 8000.00, NULL),
(272, 251, 2, 1, 8000.00, NULL),
(273, 252, 4, 1, 8000.00, NULL),
(275, 253, 15, 2, 1000.00, NULL),
(276, 254, 4, 1, 8000.00, NULL),
(277, 255, 12, 1, 8000.00, NULL),
(279, 256, 4, 1, 8000.00, NULL),
(280, 256, 18, 1, 1500.00, NULL),
(281, 257, 4, 1, 8000.00, NULL),
(282, 258, 2, 1, 8000.00, NULL),
(283, 259, 10, 1, 8000.00, NULL),
(284, 260, 4, 1, 8000.00, NULL),
(285, 261, 7, 1, 4000.00, NULL),
(286, 262, 4, 1, 8000.00, NULL),
(287, 263, 4, 1, 8000.00, NULL),
(288, 264, 13, 1, 2000.00, NULL),
(289, 265, 4, 1, 8000.00, NULL),
(290, 266, 2, 1, 8000.00, NULL),
(291, 267, 4, 1, 8000.00, NULL),
(292, 268, 4, 1, 8000.00, NULL),
(293, 269, 16, 1, 1000.00, NULL),
(294, 270, 2, 1, 8000.00, NULL),
(295, 271, 6, 1, 8000.00, NULL),
(296, 271, 15, 1, 1000.00, NULL),
(297, 272, 4, 1, 8000.00, NULL),
(298, 273, 4, 1, 8000.00, NULL),
(299, 274, 2, 1, 8000.00, NULL),
(300, 275, 8, 1, 8000.00, NULL),
(301, 276, 10, 1, 8000.00, NULL),
(302, 277, 10, 1, 8000.00, NULL),
(303, 278, 8, 1, 8000.00, NULL),
(304, 279, 2, 1, 8000.00, NULL),
(305, 280, 5, 1, 8000.00, NULL),
(306, 280, 15, 1, 1000.00, NULL),
(307, 281, 2, 1, 8000.00, NULL),
(308, 282, 6, 1, 8000.00, NULL),
(310, 283, 12, 1, 8000.00, NULL),
(311, 283, 19, 1, 1500.00, NULL),
(312, 284, 6, 1, 8000.00, NULL),
(313, 285, 4, 1, 8000.00, NULL),
(314, 286, 4, 1, 8000.00, NULL),
(315, 287, 5, 1, 8000.00, NULL),
(316, 288, 2, 1, 8000.00, NULL),
(317, 289, 2, 1, 8000.00, NULL),
(318, 290, 21, 1, 1000.00, NULL),
(319, 291, 2, 1, 8000.00, NULL),
(320, 292, 4, 1, 8000.00, NULL),
(321, 293, 12, 1, 8000.00, NULL),
(322, 294, 8, 1, 8000.00, NULL),
(323, 295, 3, 1, 8000.00, NULL),
(324, 296, 7, 1, 4000.00, NULL),
(325, 297, 3, 1, 8000.00, NULL),
(326, 298, 15, 1, 1000.00, NULL),
(327, 299, 5, 1, 8000.00, NULL),
(328, 300, 2, 1, 8000.00, NULL),
(329, 301, 4, 1, 8000.00, NULL),
(330, 302, 3, 1, 8000.00, NULL),
(331, 303, 21, 1, 1000.00, NULL),
(332, 304, 12, 1, 8000.00, NULL),
(333, 305, 2, 1, 8000.00, NULL),
(334, 306, 22, 1, 1000.00, NULL),
(335, 306, 10, 1, 8000.00, NULL),
(336, 307, 2, 1, 8000.00, NULL),
(337, 308, 4, 1, 8000.00, NULL),
(338, 309, 2, 1, 8000.00, NULL),
(339, 310, 2, 1, 8000.00, NULL),
(340, 311, 2, 1, 8000.00, NULL),
(341, 312, 2, 1, 8000.00, NULL),
(342, 313, 3, 1, 8000.00, NULL),
(344, 314, 3, 1, 8000.00, NULL),
(345, 314, 19, 1, 1500.00, NULL),
(346, 315, 2, 1, 8000.00, NULL),
(347, 316, 12, 1, 8000.00, NULL),
(348, 317, 2, 1, 8000.00, NULL),
(349, 318, 5, 1, 8000.00, NULL),
(350, 319, 2, 1, 8000.00, NULL),
(351, 320, 2, 1, 8000.00, NULL),
(352, 321, 10, 1, 8000.00, NULL),
(353, 322, 2, 1, 8000.00, NULL),
(354, 323, 6, 1, 8000.00, NULL),
(355, 324, 4, 1, 8000.00, NULL),
(356, 325, 4, 1, 8000.00, NULL),
(357, 326, 10, 1, 8000.00, NULL),
(358, 327, 4, 1, 8000.00, NULL),
(359, 328, 4, 1, 8000.00, NULL),
(360, 329, 3, 1, 8000.00, NULL),
(361, 330, 4, 1, 8000.00, NULL),
(362, 331, 4, 1, 8000.00, NULL),
(363, 332, 21, 1, 1000.00, NULL),
(364, 333, 4, 1, 8000.00, NULL),
(365, 334, 4, 1, 8000.00, NULL),
(366, 335, 4, 1, 8000.00, NULL),
(368, 336, 3, 1, 8000.00, NULL),
(369, 336, 21, 1, 1000.00, NULL),
(370, 337, 2, 1, 8000.00, NULL),
(371, 338, 1, 1, 8000.00, NULL),
(372, 339, 1, 1, 8000.00, NULL),
(373, 340, 4, 1, 8000.00, NULL),
(374, 341, 2, 1, 8000.00, NULL),
(375, 341, 21, 1, 1000.00, NULL),
(377, 343, 21, 1, 1000.00, NULL),
(379, 344, 4, 1, 8000.00, NULL),
(380, 344, 21, 1, 1000.00, NULL),
(381, 345, 6, 1, 8000.00, NULL),
(382, 346, 4, 1, 8000.00, NULL),
(383, 347, 4, 1, 8000.00, NULL),
(385, 349, 4, 1, 8000.00, NULL),
(386, 348, 5, 1, 8000.00, NULL),
(387, 348, 15, 1, 1000.00, NULL),
(388, 350, 4, 1, 8000.00, NULL),
(389, 351, 2, 1, 8000.00, NULL),
(390, 352, 4, 1, 8000.00, NULL),
(391, 353, 4, 1, 8000.00, NULL),
(392, 354, 5, 1, 8000.00, NULL),
(393, 355, 2, 1, 8000.00, NULL),
(394, 356, 4, 1, 8000.00, NULL),
(395, 357, 1, 1, 8000.00, NULL),
(396, 358, 2, 1, 8000.00, NULL),
(397, 359, 2, 1, 8000.00, NULL),
(398, 360, 2, 1, 8000.00, NULL),
(399, 361, 1, 1, 8000.00, NULL),
(401, 362, 5, 1, 8000.00, NULL),
(402, 362, 21, 1, 1000.00, NULL),
(403, 363, 2, 1, 8000.00, NULL),
(404, 364, 21, 1, 1000.00, NULL),
(405, 365, 10, 1, 8000.00, NULL),
(406, 366, 4, 1, 8000.00, NULL),
(407, 367, 4, 1, 8000.00, NULL),
(408, 368, 5, 1, 8000.00, NULL),
(409, 369, 4, 1, 8000.00, NULL),
(410, 370, 21, 1, 1000.00, NULL),
(411, 371, 2, 1, 8000.00, NULL),
(412, 372, 4, 1, 8000.00, NULL),
(413, 373, 2, 1, 8000.00, NULL),
(414, 374, 4, 1, 8000.00, NULL),
(415, 375, 8, 1, 8000.00, NULL),
(416, 376, 4, 1, 8000.00, NULL),
(417, 377, 4, 1, 8000.00, NULL),
(418, 378, 1, 1, 8000.00, NULL),
(419, 379, 4, 1, 8000.00, NULL),
(421, 380, 7, 1, 4000.00, NULL),
(422, 381, 3, 1, 8000.00, NULL),
(423, 382, 4, 1, 8000.00, NULL),
(424, 383, 4, 1, 8000.00, NULL),
(425, 384, 1, 1, 8000.00, NULL),
(426, 385, 4, 1, 8000.00, NULL),
(427, 386, 4, 1, 8000.00, NULL),
(428, 387, 21, 1, 1000.00, NULL),
(429, 388, 4, 1, 8000.00, NULL),
(430, 389, 10, 1, 8000.00, NULL),
(431, 389, 15, 1, 1000.00, NULL),
(432, 389, 16, 1, 1000.00, NULL),
(434, 390, 4, 1, 8000.00, NULL),
(435, 390, 15, 1, 1000.00, NULL),
(436, 391, 4, 1, 8000.00, NULL),
(437, 392, 4, 1, 8000.00, NULL),
(438, 393, 2, 1, 8000.00, NULL),
(439, 394, 21, 1, 1000.00, NULL),
(440, 395, 6, 1, 9000.00, NULL),
(441, 396, 4, 1, 9000.00, NULL),
(442, 397, 5, 1, 9000.00, NULL),
(443, 398, 4, 1, 9000.00, NULL),
(444, 399, 3, 1, 9000.00, NULL),
(445, 400, 10, 1, 9000.00, NULL),
(446, 401, 7, 1, 5000.00, NULL),
(447, 402, 4, 1, 9000.00, NULL),
(448, 403, 4, 1, 9000.00, NULL),
(449, 404, 19, 1, 1500.00, NULL),
(450, 405, 4, 1, 9000.00, NULL),
(451, 406, 4, 1, 9000.00, NULL),
(452, 407, 4, 1, 9000.00, NULL),
(453, 408, 4, 1, 9000.00, NULL),
(454, 409, 10, 1, 9000.00, NULL),
(455, 410, 4, 1, 9000.00, NULL),
(456, 411, 4, 1, 9000.00, NULL),
(457, 412, 4, 1, 9000.00, NULL),
(458, 413, 4, 1, 9000.00, NULL),
(459, 414, 4, 1, 9000.00, NULL),
(460, 415, 15, 1, 1000.00, NULL),
(461, 416, 7, 1, 5000.00, NULL),
(462, 417, 4, 1, 9000.00, NULL),
(463, 418, 4, 1, 9000.00, NULL),
(464, 419, 19, 1, 1500.00, NULL),
(465, 420, 10, 1, 9000.00, NULL),
(466, 421, 2, 1, 9000.00, NULL),
(467, 422, 4, 1, 9000.00, NULL),
(468, 423, 4, 1, 9000.00, NULL),
(469, 424, 10, 1, 9000.00, NULL),
(470, 425, 4, 1, 9000.00, NULL),
(471, 426, 12, 1, 9000.00, NULL),
(472, 427, 2, 1, 9000.00, NULL),
(473, 428, 4, 1, 9000.00, NULL),
(474, 429, 3, 1, 9000.00, NULL),
(475, 430, 4, 1, 9000.00, NULL),
(476, 431, 4, 1, 9000.00, NULL),
(477, 432, 4, 1, 9000.00, NULL),
(478, 433, 2, 1, 9000.00, NULL),
(480, 434, 4, 1, 9000.00, NULL),
(481, 434, 15, 1, 1000.00, NULL),
(482, 435, 2, 1, 9000.00, NULL),
(483, 436, 2, 1, 9000.00, NULL),
(484, 437, 10, 1, 9000.00, NULL),
(485, 438, 23, 1, 9000.00, NULL),
(486, 439, 4, 1, 9000.00, NULL),
(487, 440, 4, 1, 9000.00, NULL),
(488, 441, 10, 1, 9000.00, NULL),
(489, 442, 12, 1, 9000.00, NULL),
(490, 443, 2, 1, 9000.00, NULL),
(491, 443, 21, 1, 1000.00, NULL),
(492, 444, 5, 1, 9000.00, NULL),
(493, 445, 12, 1, 9000.00, NULL),
(494, 446, 4, 1, 9000.00, NULL),
(495, 447, 4, 1, 9000.00, NULL),
(496, 448, 4, 1, 9000.00, NULL),
(497, 449, 4, 1, 9000.00, NULL),
(498, 450, 4, 1, 9000.00, NULL),
(499, 451, 2, 1, 9000.00, NULL),
(500, 452, 4, 1, 9000.00, NULL),
(501, 453, 2, 1, 9000.00, NULL),
(502, 454, 2, 1, 9000.00, NULL),
(503, 455, 4, 1, 9000.00, NULL),
(504, 456, 5, 1, 9000.00, NULL),
(505, 457, 4, 1, 9000.00, NULL),
(506, 458, 10, 1, 9000.00, NULL),
(507, 459, 4, 1, 9000.00, NULL),
(508, 460, 2, 1, 9000.00, NULL),
(510, 461, 2, 1, 9000.00, NULL),
(511, 462, 2, 1, 9000.00, NULL),
(512, 463, 10, 1, 9000.00, NULL),
(513, 464, 4, 1, 9000.00, NULL),
(514, 465, 2, 1, 9000.00, NULL),
(515, 466, 12, 1, 9000.00, NULL),
(516, 467, 2, 1, 9000.00, NULL),
(517, 468, 8, 1, 9000.00, NULL),
(518, 469, 8, 1, 9000.00, NULL),
(519, 470, 3, 1, 9000.00, NULL),
(520, 471, 12, 1, 9000.00, NULL),
(521, 472, 2, 1, 9000.00, NULL),
(522, 473, 19, 1, 1500.00, NULL),
(523, 474, 4, 1, 9000.00, NULL),
(524, 475, 2, 1, 9000.00, NULL),
(525, 476, 8, 1, 9000.00, NULL),
(526, 477, 4, 1, 9000.00, NULL),
(527, 478, 4, 1, 9000.00, NULL),
(528, 479, 2, 1, 9000.00, NULL),
(529, 480, 4, 1, 9000.00, NULL),
(530, 481, 2, 1, 9000.00, NULL),
(531, 482, 10, 1, 9000.00, NULL),
(532, 483, 1, 1, 9000.00, NULL),
(534, 485, 3, 1, 9000.00, NULL),
(535, 486, 3, 1, 9000.00, NULL),
(536, 487, 16, 2, 1000.00, NULL),
(537, 488, 7, 1, 5000.00, NULL),
(538, 489, 4, 1, 9000.00, NULL),
(539, 490, 4, 1, 9000.00, NULL),
(540, 491, 10, 1, 9000.00, NULL),
(541, 492, 10, 1, 9000.00, NULL),
(542, 493, 4, 1, 9000.00, NULL),
(543, 494, 2, 1, 9000.00, NULL),
(544, 495, 8, 1, 9000.00, NULL),
(545, 496, 10, 1, 9000.00, NULL),
(546, 496, 24, 1, 2000.00, NULL),
(547, 496, 21, 1, 2000.00, NULL),
(548, 497, 6, 1, 9000.00, NULL),
(549, 498, 6, 1, 9000.00, NULL),
(550, 499, 2, 1, 9000.00, NULL),
(551, 500, 4, 1, 9000.00, NULL),
(552, 501, 3, 1, 9000.00, NULL),
(553, 502, 4, 1, 9000.00, NULL),
(554, 503, 10, 1, 9000.00, NULL),
(555, 504, 2, 1, 9000.00, NULL),
(556, 505, 10, 1, 9000.00, NULL),
(557, 506, 4, 1, 9000.00, NULL),
(558, 507, 4, 1, 9000.00, NULL),
(559, 508, 6, 1, 9000.00, NULL),
(560, 509, 10, 1, 9000.00, NULL),
(561, 510, 4, 1, 9000.00, NULL),
(562, 511, 2, 1, 9000.00, NULL),
(563, 512, 4, 1, 9000.00, NULL),
(564, 513, 4, 1, 9000.00, NULL),
(565, 514, 2, 1, 9000.00, NULL),
(566, 515, 2, 1, 9000.00, NULL),
(567, 515, 18, 1, 2000.00, NULL),
(568, 516, 2, 1, 9000.00, NULL),
(569, 517, 1, 1, 9000.00, NULL),
(571, 519, 2, 1, 9000.00, NULL),
(572, 520, 4, 1, 9000.00, NULL),
(573, 521, 4, 1, 9000.00, NULL),
(574, 522, 6, 1, 9000.00, NULL),
(575, 523, 12, 1, 9000.00, NULL),
(576, 523, 22, 1, 1000.00, NULL),
(577, 524, 2, 1, 9000.00, NULL),
(578, 525, 3, 1, 9000.00, NULL),
(579, 526, 2, 1, 9000.00, NULL),
(580, 527, 8, 1, 9000.00, NULL),
(582, 528, 2, 1, 9000.00, NULL),
(583, 528, 26, 1, 1000.00, NULL),
(584, 529, 4, 1, 9000.00, NULL),
(585, 530, 3, 1, 9000.00, NULL),
(586, 531, 4, 1, 9000.00, NULL),
(587, 532, 2, 1, 9000.00, NULL),
(588, 533, 2, 1, 9000.00, NULL),
(589, 534, 2, 1, 9000.00, NULL),
(590, 535, 2, 1, 9000.00, NULL),
(591, 536, 21, 1, 2000.00, NULL),
(592, 537, 2, 1, 9000.00, NULL),
(593, 538, 2, 1, 9000.00, NULL),
(594, 539, 2, 1, 9000.00, NULL),
(595, 540, 2, 1, 9000.00, NULL),
(596, 541, 4, 1, 9000.00, NULL),
(597, 542, 2, 1, 9000.00, NULL),
(598, 543, 5, 1, 9000.00, NULL),
(599, 544, 10, 1, 9000.00, NULL),
(600, 545, 4, 1, 9000.00, NULL),
(601, 546, 10, 1, 9000.00, NULL),
(602, 547, 4, 1, 9000.00, NULL),
(603, 547, 18, 1, 2000.00, NULL),
(604, 548, 2, 1, 9000.00, NULL),
(605, 549, 1, 1, 9000.00, NULL),
(606, 550, 4, 1, 9000.00, NULL),
(607, 551, 2, 1, 9000.00, NULL),
(608, 551, 18, 1, 2000.00, NULL),
(609, 552, 8, 1, 9000.00, NULL),
(611, 553, 4, 1, 9000.00, NULL),
(612, 553, 21, 1, 2000.00, NULL),
(613, 554, 2, 1, 9000.00, NULL),
(614, 555, 2, 1, 9000.00, NULL),
(615, 556, 1, 1, 9000.00, NULL),
(616, 557, 1, 1, 9000.00, NULL),
(617, 558, 18, 1, 2000.00, NULL),
(618, 558, 1, 1, 9000.00, NULL),
(619, 559, 3, 1, 9000.00, NULL),
(620, 560, 10, 1, 9000.00, NULL),
(621, 561, 3, 1, 9000.00, NULL),
(622, 562, 10, 1, 9000.00, NULL),
(623, 563, 10, 1, 9000.00, NULL),
(624, 564, 4, 1, 9000.00, NULL),
(625, 565, 2, 1, 9000.00, NULL),
(626, 565, 22, 1, 1000.00, NULL),
(627, 566, 2, 1, 9000.00, NULL),
(629, 568, 4, 1, 9000.00, NULL),
(630, 568, 24, 1, 2000.00, NULL),
(631, 568, 25, 1, 2000.00, NULL),
(632, 569, 2, 1, 9000.00, NULL),
(633, 570, 1, 1, 9000.00, NULL),
(634, 571, 4, 1, 9000.00, NULL),
(635, 572, 2, 1, 9000.00, NULL),
(636, 573, 8, 1, 9000.00, NULL),
(637, 574, 2, 1, 9000.00, NULL),
(638, 575, 2, 1, 9000.00, NULL),
(639, 576, 2, 1, 9000.00, NULL),
(640, 577, 6, 1, 9000.00, NULL),
(641, 578, 2, 1, 9000.00, NULL),
(642, 579, 2, 1, 9000.00, NULL),
(643, 580, 3, 1, 9000.00, NULL),
(644, 581, 10, 1, 9000.00, NULL),
(645, 582, 4, 1, 9000.00, NULL);

-- --------------------------------------------------------

--
-- Estructura de tabla para la tabla `disponibilidad_barbero`
--

CREATE TABLE `disponibilidad_barbero` (
  `Id` int(11) NOT NULL,
  `BarberoId` int(11) NOT NULL,
  `DiaSemana` tinyint(4) NOT NULL COMMENT '0=Domingo, 6=Sábado',
  `HoraInicio` time NOT NULL,
  `HoraFin` time NOT NULL,
  `Activo` tinyint(1) NOT NULL DEFAULT 1
) ENGINE=InnoDB DEFAULT CHARSET=utf8mb4 COLLATE=utf8mb4_general_ci;

-- --------------------------------------------------------

--
-- Estructura de tabla para la tabla `estado_turno`
--

CREATE TABLE `estado_turno` (
  `Id` int(11) NOT NULL,
  `Nombre` varchar(50) NOT NULL
) ENGINE=InnoDB DEFAULT CHARSET=utf8mb4 COLLATE=utf8mb4_general_ci;

--
-- Volcado de datos para la tabla `estado_turno`
--

INSERT INTO `estado_turno` (`Id`, `Nombre`) VALUES
(1, 'Pendiente'),
(2, 'Confirmado'),
(3, 'Cancelado'),
(4, 'Completado'),
(5, 'Rechazado'),
(6, 'CanceladoCliente'),
(7, 'CanceladoSistema');

-- --------------------------------------------------------

--
-- Estructura de tabla para la tabla `imagen`
--

CREATE TABLE `imagen` (
  `IdImagen` int(11) NOT NULL,
  `Ruta` varchar(255) NOT NULL,
  `TipoImagen` enum('AvatarUsuario','ProductoServicio','ComprobantePago') NOT NULL,
  `IdRelacionado` int(11) NOT NULL,
  `FechaCreacion` datetime NOT NULL DEFAULT current_timestamp(),
  `Activo` tinyint(1) NOT NULL DEFAULT 1
) ENGINE=InnoDB DEFAULT CHARSET=utf8mb4 COLLATE=utf8mb4_general_ci;

--
-- Volcado de datos para la tabla `imagen`
--

INSERT INTO `imagen` (`IdImagen`, `Ruta`, `TipoImagen`, `IdRelacionado`, `FechaCreacion`, `Activo`) VALUES
(1, '/trash/servicios/20/86ff2a29-7874-4492-83ca-1b67177e5fd3.jpg', 'ProductoServicio', 20, '2025-07-21 23:29:48', 0);

-- --------------------------------------------------------

--
-- Estructura de tabla para la tabla `pago`
--

CREATE TABLE `pago` (
  `Id` int(11) NOT NULL,
  `AtencionId` int(11) NOT NULL,
  `MetodoPago` enum('Efectivo','TarjetaDebito','TarjetaCredito','Transferencia','MercadoPago','NaranjaX','QR','Otro') NOT NULL,
  `Monto` decimal(10,2) NOT NULL,
  `Fecha` datetime NOT NULL DEFAULT current_timestamp()
) ENGINE=InnoDB DEFAULT CHARSET=utf8mb4 COLLATE=utf8mb4_general_ci;

--
-- Volcado de datos para la tabla `pago`
--

INSERT INTO `pago` (`Id`, `AtencionId`, `MetodoPago`, `Monto`, `Fecha`) VALUES
(1, 1, 'MercadoPago', 8000.00, '2025-07-07 20:01:42'),
(2, 2, 'MercadoPago', 8000.00, '2025-07-07 20:04:16'),
(3, 3, 'MercadoPago', 9500.00, '2025-07-07 20:04:51'),
(4, 4, 'Efectivo', 8000.00, '2025-07-07 20:05:35'),
(5, 5, 'MercadoPago', 8000.00, '2025-07-07 20:33:01'),
(6, 6, 'Efectivo', 8000.00, '2025-07-07 23:45:10'),
(7, 7, 'MercadoPago', 8000.00, '2025-07-08 13:25:22'),
(8, 8, 'MercadoPago', 8000.00, '2025-07-08 15:43:30'),
(9, 9, 'MercadoPago', 8000.00, '2025-07-08 16:20:03'),
(10, 10, 'MercadoPago', 8000.00, '2025-07-08 20:21:22'),
(11, 11, 'MercadoPago', 8000.00, '2025-07-08 20:38:00'),
(12, 12, 'MercadoPago', 8000.00, '2025-07-08 21:23:31'),
(13, 13, 'MercadoPago', 8000.00, '2025-07-08 21:45:29'),
(14, 14, 'Efectivo', 8000.00, '2025-07-08 22:00:51'),
(15, 15, 'Efectivo', 8000.00, '2025-07-08 22:18:40'),
(16, 16, 'MercadoPago', 8000.00, '2025-07-08 22:45:39'),
(17, 17, 'MercadoPago', 8000.00, '2025-07-10 21:26:16'),
(18, 18, 'MercadoPago', 8000.00, '2025-07-11 15:31:46'),
(19, 19, 'MercadoPago', 1500.00, '2025-07-11 20:06:12'),
(20, 20, 'Efectivo', 8000.00, '2025-07-11 20:59:58'),
(21, 21, 'MercadoPago', 8000.00, '2025-07-11 21:35:32'),
(22, 22, 'Efectivo', 8000.00, '2025-07-11 21:58:56'),
(23, 23, 'MercadoPago', 8000.00, '2025-07-11 23:16:44'),
(24, 24, 'MercadoPago', 8000.00, '2025-07-12 15:27:20'),
(25, 25, 'Efectivo', 8000.00, '2025-07-12 20:20:44'),
(26, 26, 'Efectivo', 8000.00, '2025-07-12 20:49:31'),
(27, 28, 'MercadoPago', 9500.00, '2025-07-12 21:04:11'),
(28, 29, 'MercadoPago', 8000.00, '2025-07-12 21:19:28'),
(29, 30, 'MercadoPago', 8000.00, '2025-07-12 21:35:42'),
(30, 31, 'Efectivo', 9000.00, '2025-07-12 21:51:31'),
(31, 32, 'MercadoPago', 8000.00, '2025-07-12 22:05:20'),
(32, 33, 'MercadoPago', 8000.00, '2025-07-12 22:32:09'),
(33, 34, 'MercadoPago', 9000.00, '2025-07-12 22:51:25'),
(34, 35, 'MercadoPago', 8000.00, '2025-07-12 23:26:06'),
(35, 36, 'MercadoPago', 8000.00, '2025-07-12 23:42:04'),
(36, 37, 'Efectivo', 8000.00, '2025-07-15 13:33:02'),
(37, 38, 'Efectivo', 8000.00, '2025-07-15 15:23:34'),
(38, 39, 'MercadoPago', 8000.00, '2025-07-15 21:14:27'),
(39, 40, 'MercadoPago', 9500.00, '2025-07-15 21:16:33'),
(40, 41, 'MercadoPago', 8000.00, '2025-07-15 22:50:26'),
(41, 42, 'Efectivo', 8000.00, '2025-07-16 21:28:25'),
(42, 43, 'MercadoPago', 8000.00, '2025-07-16 21:44:03'),
(43, 44, 'Efectivo', 4000.00, '2025-07-16 21:51:07'),
(44, 45, 'MercadoPago', 1000.00, '2025-07-17 20:09:10'),
(45, 46, 'MercadoPago', 8000.00, '2025-07-17 21:10:08'),
(46, 47, 'Efectivo', 8000.00, '2025-07-17 21:32:29'),
(47, 48, 'Efectivo', 8000.00, '2025-07-17 21:52:21'),
(48, 49, 'Efectivo', 8000.00, '2025-07-17 22:23:00'),
(49, 50, 'Efectivo', 8000.00, '2025-07-17 23:12:54'),
(50, 51, 'Efectivo', 8000.00, '2025-07-18 15:01:54'),
(51, 52, 'Efectivo', 8000.00, '2025-07-18 21:03:22'),
(52, 53, 'MercadoPago', 8000.00, '2025-07-18 21:35:50'),
(53, 54, 'Efectivo', 10000.00, '2025-07-18 21:58:49'),
(54, 55, 'MercadoPago', 8000.00, '2025-07-18 22:25:39'),
(55, 56, 'MercadoPago', 8000.00, '2025-07-18 23:15:28'),
(56, 57, 'MercadoPago', 9000.00, '2025-07-18 23:15:53'),
(57, 58, 'Efectivo', 8000.00, '2025-07-18 23:38:12'),
(58, 59, 'Efectivo', 8000.00, '2025-07-19 13:33:48'),
(59, 60, 'Efectivo', 8000.00, '2025-07-19 14:47:17'),
(60, 61, 'Efectivo', 8000.00, '2025-07-19 15:36:38'),
(61, 62, 'Efectivo', 8000.00, '2025-07-19 15:38:16'),
(62, 63, 'MercadoPago', 8000.00, '2025-07-19 20:43:11'),
(63, 64, 'MercadoPago', 8000.00, '2025-07-19 21:01:16'),
(64, 65, 'Efectivo', 8000.00, '2025-07-19 21:31:22'),
(65, 66, 'MercadoPago', 8000.00, '2025-07-19 21:59:30'),
(66, 67, 'MercadoPago', 8000.00, '2025-07-19 22:32:07'),
(67, 68, 'MercadoPago', 9500.00, '2025-07-19 22:51:23'),
(68, 69, 'MercadoPago', 8000.00, '2025-07-19 23:13:49'),
(69, 70, 'MercadoPago', 8000.00, '2025-07-19 23:25:02'),
(70, 71, 'MercadoPago', 6000.00, '2025-07-21 13:53:09'),
(71, 71, 'Efectivo', 2000.00, '2025-07-21 13:53:16'),
(72, 72, 'MercadoPago', 8000.00, '2025-07-21 14:24:23'),
(73, 73, 'MercadoPago', 8000.00, '2025-07-21 14:47:29'),
(74, 74, 'MercadoPago', 8000.00, '2025-07-21 21:42:30'),
(75, 76, 'MercadoPago', 8000.00, '2025-07-21 23:26:22'),
(76, 75, 'Efectivo', 9000.00, '2025-07-21 23:26:28'),
(77, 77, 'MercadoPago', 8000.00, '2025-07-21 23:30:24'),
(78, 78, 'MercadoPago', 8000.00, '2025-07-22 13:44:08'),
(79, 79, 'MercadoPago', 8000.00, '2025-07-22 21:08:12'),
(80, 80, 'MercadoPago', 8000.00, '2025-07-23 13:17:39'),
(81, 81, 'MercadoPago', 1000.00, '2025-07-23 20:05:03'),
(82, 82, 'Efectivo', 8000.00, '2025-07-23 20:45:12'),
(83, 83, 'Efectivo', 8000.00, '2025-07-23 21:50:55'),
(84, 84, 'Efectivo', 8000.00, '2025-07-23 21:51:21'),
(85, 85, 'Efectivo', 8000.00, '2025-07-23 21:51:43'),
(86, 86, 'Efectivo', 8000.00, '2025-07-24 13:11:02'),
(87, 87, 'Efectivo', 8000.00, '2025-07-24 13:30:26'),
(88, 88, 'Efectivo', 8000.00, '2025-07-24 14:44:30'),
(89, 89, 'MercadoPago', 8000.00, '2025-07-24 21:01:58'),
(90, 90, 'MercadoPago', 8000.00, '2025-07-24 21:18:51'),
(91, 91, 'MercadoPago', 8000.00, '2025-07-24 22:04:57'),
(92, 92, 'Efectivo', 8000.00, '2025-07-24 22:05:34'),
(93, 93, 'MercadoPago', 8000.00, '2025-07-24 22:33:09'),
(94, 94, 'Efectivo', 8000.00, '2025-07-24 23:08:49'),
(95, 95, 'Efectivo', 8000.00, '2025-07-24 23:51:09'),
(96, 96, 'Efectivo', 8000.00, '2025-07-25 15:13:44'),
(97, 97, 'MercadoPago', 8000.00, '2025-07-25 20:37:22'),
(98, 98, 'MercadoPago', 8000.00, '2025-07-25 21:29:57'),
(99, 99, 'MercadoPago', 8000.00, '2025-07-25 22:28:07'),
(100, 100, 'Efectivo', 8000.00, '2025-07-25 23:12:20'),
(101, 101, 'MercadoPago', 8000.00, '2025-07-25 23:40:19'),
(102, 102, 'MercadoPago', 8000.00, '2025-07-26 00:00:13'),
(103, 106, 'Efectivo', 8000.00, '2025-07-26 12:57:26'),
(104, 107, 'Efectivo', 8000.00, '2025-07-26 13:41:37'),
(105, 108, 'Efectivo', 8000.00, '2025-07-26 15:10:11'),
(106, 109, 'Efectivo', 8000.00, '2025-07-26 15:26:16'),
(107, 110, 'MercadoPago', 8000.00, '2025-07-26 21:18:12'),
(108, 111, 'Efectivo', 8000.00, '2025-07-26 21:52:28'),
(109, 112, 'MercadoPago', 8000.00, '2025-07-26 22:05:56'),
(110, 113, 'MercadoPago', 8000.00, '2025-07-26 22:24:53'),
(111, 114, 'MercadoPago', 8000.00, '2025-07-26 22:53:16'),
(112, 115, 'MercadoPago', 8000.00, '2025-07-26 23:16:16'),
(113, 116, 'Efectivo', 8000.00, '2025-07-26 23:44:58'),
(114, 117, 'MercadoPago', 8000.00, '2025-07-28 20:45:08'),
(115, 118, 'Efectivo', 4000.00, '2025-07-28 20:56:40'),
(116, 119, 'MercadoPago', 11000.00, '2025-07-28 21:23:11'),
(118, 120, 'Efectivo', 8000.00, '2025-07-28 23:45:43'),
(119, 121, 'MercadoPago', 8000.00, '2025-07-29 13:28:35'),
(120, 122, 'MercadoPago', 8000.00, '2025-07-29 13:48:37'),
(121, 123, 'MercadoPago', 8000.00, '2025-07-29 14:12:34'),
(122, 124, 'Efectivo', 8000.00, '2025-07-29 14:36:14'),
(123, 125, 'Efectivo', 8000.00, '2025-07-29 20:34:59'),
(124, 126, 'MercadoPago', 8000.00, '2025-07-29 21:13:24'),
(125, 127, 'MercadoPago', 1000.00, '2025-07-29 21:20:06'),
(126, 128, 'MercadoPago', 8000.00, '2025-07-30 15:41:27'),
(127, 129, 'Efectivo', 8000.00, '2025-07-30 20:50:16'),
(128, 130, 'MercadoPago', 8000.00, '2025-07-30 22:31:25'),
(129, 131, 'MercadoPago', 8000.00, '2025-07-30 22:54:37'),
(130, 132, 'Efectivo', 8000.00, '2025-07-31 14:22:18'),
(131, 133, 'MercadoPago', 8000.00, '2025-07-31 21:07:00'),
(132, 134, 'MercadoPago', 8000.00, '2025-07-31 21:34:21'),
(133, 135, 'MercadoPago', 8000.00, '2025-07-31 21:55:24'),
(134, 136, 'MercadoPago', 8000.00, '2025-07-31 22:20:59'),
(135, 137, 'MercadoPago', 8000.00, '2025-07-31 22:47:13'),
(136, 138, 'MercadoPago', 8000.00, '2025-07-31 23:14:27'),
(137, 139, 'MercadoPago', 8000.00, '2025-07-31 23:34:33'),
(138, 140, 'MercadoPago', 8000.00, '2025-08-01 13:23:34'),
(139, 141, 'MercadoPago', 8000.00, '2025-08-01 13:55:31'),
(140, 142, 'MercadoPago', 8000.00, '2025-08-01 14:24:50'),
(141, 143, 'MercadoPago', 8000.00, '2025-08-01 15:30:00'),
(142, 144, 'MercadoPago', 8000.00, '2025-08-01 20:44:23'),
(143, 145, 'MercadoPago', 8000.00, '2025-08-01 21:04:56'),
(144, 146, 'MercadoPago', 8000.00, '2025-08-01 21:25:10'),
(145, 147, 'MercadoPago', 1000.00, '2025-08-01 22:02:06'),
(146, 148, 'Efectivo', 8000.00, '2025-08-01 22:14:20'),
(147, 149, 'MercadoPago', 8000.00, '2025-08-01 22:43:19'),
(148, 150, 'MercadoPago', 8000.00, '2025-08-01 23:02:24'),
(149, 151, 'MercadoPago', 8000.00, '2025-08-01 23:29:43'),
(150, 153, 'Efectivo', 8000.00, '2025-08-02 14:32:07'),
(151, 154, 'MercadoPago', 8000.00, '2025-08-02 15:40:39'),
(152, 152, 'Efectivo', 4000.00, '2025-08-02 15:40:51'),
(153, 155, 'MercadoPago', 8000.00, '2025-08-02 16:18:04'),
(154, 157, 'Efectivo', 8000.00, '2025-08-02 21:34:20'),
(155, 156, 'Efectivo', 8000.00, '2025-08-02 21:34:29'),
(156, 158, 'MercadoPago', 1000.00, '2025-08-02 21:41:11'),
(157, 159, 'Efectivo', 8000.00, '2025-08-02 22:38:53'),
(158, 160, 'MercadoPago', 8000.00, '2025-08-02 23:02:05'),
(159, 161, 'MercadoPago', 8000.00, '2025-08-02 23:29:20'),
(160, 162, 'MercadoPago', 8000.00, '2025-08-04 20:55:52'),
(161, 163, 'MercadoPago', 8000.00, '2025-08-04 21:09:39'),
(162, 164, 'MercadoPago', 8000.00, '2025-08-04 21:28:51'),
(163, 165, 'Efectivo', 8000.00, '2025-08-04 21:54:24'),
(164, 166, 'MercadoPago', 8000.00, '2025-08-04 22:14:16'),
(165, 167, 'Efectivo', 8000.00, '2025-08-05 23:02:21'),
(166, 168, 'MercadoPago', 8000.00, '2025-08-06 21:05:44'),
(167, 169, 'MercadoPago', 8000.00, '2025-08-07 13:18:54'),
(169, 170, 'Efectivo', 8000.00, '2025-08-07 13:40:28'),
(170, 171, 'Efectivo', 8000.00, '2025-08-07 14:33:38'),
(171, 172, 'MercadoPago', 8000.00, '2025-08-07 20:45:12'),
(172, 173, 'MercadoPago', 8000.00, '2025-08-07 21:44:21'),
(173, 174, 'MercadoPago', 8000.00, '2025-08-07 22:08:27'),
(174, 175, 'MercadoPago', 9500.00, '2025-08-07 22:24:20'),
(175, 176, 'MercadoPago', 8000.00, '2025-08-07 23:05:20'),
(176, 177, 'MercadoPago', 8000.00, '2025-08-07 23:27:42'),
(177, 178, 'Efectivo', 1000.00, '2025-08-08 12:29:03'),
(178, 179, 'MercadoPago', 8000.00, '2025-08-08 14:13:48'),
(179, 180, 'MercadoPago', 8000.00, '2025-08-08 15:25:08'),
(180, 182, 'MercadoPago', 8000.00, '2025-08-08 15:59:25'),
(181, 181, 'MercadoPago', 8000.00, '2025-08-08 16:01:24'),
(182, 184, 'MercadoPago', 8000.00, '2025-08-08 20:49:51'),
(183, 186, 'MercadoPago', 8000.00, '2025-08-08 21:06:40'),
(184, 185, 'MercadoPago', 8000.00, '2025-08-08 21:06:53'),
(185, 183, 'MercadoPago', 8000.00, '2025-08-08 21:07:01'),
(186, 188, 'Efectivo', 8000.00, '2025-08-08 21:38:31'),
(187, 189, 'Efectivo', 8000.00, '2025-08-08 22:17:24'),
(188, 190, 'Efectivo', 8000.00, '2025-08-08 23:20:27'),
(189, 191, 'MercadoPago', 8000.00, '2025-08-09 13:05:07'),
(190, 192, 'Efectivo', 8000.00, '2025-08-09 15:21:23'),
(191, 193, 'MercadoPago', 8000.00, '2025-08-09 20:49:09'),
(192, 194, 'MercadoPago', 8000.00, '2025-08-09 21:00:26'),
(193, 195, 'Efectivo', 8000.00, '2025-08-09 21:41:58'),
(194, 196, 'MercadoPago', 8000.00, '2025-08-09 21:59:07'),
(195, 197, 'MercadoPago', 8000.00, '2025-08-09 22:26:00'),
(196, 198, 'MercadoPago', 8000.00, '2025-08-09 22:51:49'),
(197, 200, 'Efectivo', 1000.00, '2025-08-09 22:58:02'),
(198, 201, 'MercadoPago', 8000.00, '2025-08-09 23:20:00'),
(199, 202, 'Efectivo', 8000.00, '2025-08-11 13:49:33'),
(200, 203, 'MercadoPago', 8000.00, '2025-08-11 21:24:16'),
(201, 204, 'Efectivo', 8000.00, '2025-08-11 22:19:43'),
(202, 205, 'MercadoPago', 8000.00, '2025-08-12 13:20:10'),
(203, 206, 'Efectivo', 1500.00, '2025-08-12 20:04:25'),
(204, 207, 'MercadoPago', 8000.00, '2025-08-12 20:28:21'),
(205, 208, 'MercadoPago', 8000.00, '2025-08-12 20:49:59'),
(206, 209, 'MercadoPago', 8000.00, '2025-08-12 21:49:43'),
(207, 210, 'MercadoPago', 8000.00, '2025-08-13 13:57:39'),
(208, 211, 'MercadoPago', 8000.00, '2025-08-13 14:36:27'),
(209, 212, 'MercadoPago', 8000.00, '2025-08-13 14:56:50'),
(210, 213, 'MercadoPago', 8000.00, '2025-08-13 20:13:36'),
(211, 214, 'MercadoPago', 8000.00, '2025-08-13 20:53:04'),
(212, 215, 'MercadoPago', 8000.00, '2025-08-13 22:10:14'),
(213, 216, 'Efectivo', 8000.00, '2025-08-14 14:16:50'),
(214, 217, 'MercadoPago', 8000.00, '2025-08-14 22:04:57'),
(215, 218, 'MercadoPago', 8000.00, '2025-08-14 22:52:46'),
(216, 219, 'Efectivo', 8000.00, '2025-08-14 23:29:24'),
(217, 220, 'MercadoPago', 8000.00, '2025-08-15 13:51:53'),
(218, 221, 'Efectivo', 10000.00, '2025-08-15 16:03:44'),
(219, 222, 'Efectivo', 8000.00, '2025-08-15 20:40:31'),
(220, 223, 'MercadoPago', 8000.00, '2025-08-15 20:59:26'),
(221, 224, 'MercadoPago', 1500.00, '2025-08-15 21:41:22'),
(222, 225, 'Efectivo', 8000.00, '2025-08-15 22:45:45'),
(223, 226, 'Efectivo', 2000.00, '2025-08-15 23:33:43'),
(224, 227, 'Efectivo', 8000.00, '2025-08-16 13:43:16'),
(225, 229, 'MercadoPago', 8000.00, '2025-08-16 14:49:16'),
(226, 228, 'MercadoPago', 8000.00, '2025-08-16 14:49:25'),
(227, 230, 'MercadoPago', 8000.00, '2025-08-16 15:10:08'),
(228, 230, 'MercadoPago', 1500.00, '2025-08-16 15:10:37'),
(229, 232, 'MercadoPago', 8000.00, '2025-08-16 15:43:21'),
(230, 231, 'MercadoPago', 8000.00, '2025-08-16 15:43:29'),
(231, 233, 'Efectivo', 8000.00, '2025-08-16 21:37:31'),
(232, 234, 'Efectivo', 8000.00, '2025-08-16 22:35:56'),
(233, 235, 'MercadoPago', 8000.00, '2025-08-16 23:03:23'),
(234, 236, 'MercadoPago', 8000.00, '2025-08-16 23:39:57'),
(235, 237, 'MercadoPago', 8000.00, '2025-08-18 13:25:56'),
(236, 238, 'MercadoPago', 8000.00, '2025-08-18 20:37:38'),
(237, 239, 'MercadoPago', 8000.00, '2025-08-18 21:52:50'),
(238, 240, 'MercadoPago', 8000.00, '2025-08-18 21:54:18'),
(239, 241, 'MercadoPago', 8000.00, '2025-08-18 21:55:10'),
(240, 242, 'MercadoPago', 8000.00, '2025-08-18 22:29:43'),
(241, 243, 'MercadoPago', 8000.00, '2025-08-18 22:53:10'),
(242, 244, 'MercadoPago', 8000.00, '2025-08-18 23:18:04'),
(243, 245, 'Efectivo', 8000.00, '2025-08-19 15:09:31'),
(244, 246, 'MercadoPago', 8000.00, '2025-08-19 23:43:42'),
(245, 247, 'MercadoPago', 8000.00, '2025-08-20 14:10:37'),
(246, 248, 'Efectivo', 8000.00, '2025-08-20 15:21:18'),
(247, 248, 'Efectivo', 1000.00, '2025-08-20 20:31:04'),
(248, 249, 'MercadoPago', 8000.00, '2025-08-20 21:05:47'),
(249, 250, 'MercadoPago', 8000.00, '2025-08-20 21:21:35'),
(250, 251, 'MercadoPago', 8000.00, '2025-08-20 22:22:44'),
(251, 252, 'MercadoPago', 8000.00, '2025-08-20 22:46:24'),
(252, 253, 'Efectivo', 2000.00, '2025-08-20 23:38:24'),
(253, 254, 'MercadoPago', 8000.00, '2025-08-21 13:27:53'),
(254, 255, 'MercadoPago', 8000.00, '2025-08-21 20:15:44'),
(255, 256, 'Efectivo', 8000.00, '2025-08-21 20:47:47'),
(256, 256, 'Efectivo', 1500.00, '2025-08-21 20:51:31'),
(257, 257, 'MercadoPago', 8000.00, '2025-08-21 21:23:05'),
(258, 258, 'MercadoPago', 8000.00, '2025-08-21 21:41:54'),
(259, 259, 'Efectivo', 8000.00, '2025-08-21 22:07:46'),
(260, 260, 'MercadoPago', 8000.00, '2025-08-21 22:28:49'),
(261, 261, 'MercadoPago', 4000.00, '2025-08-21 23:08:19'),
(262, 262, 'MercadoPago', 8000.00, '2025-08-22 13:55:45'),
(263, 263, 'MercadoPago', 8000.00, '2025-08-22 14:19:52'),
(264, 264, 'MercadoPago', 2000.00, '2025-08-22 14:30:58'),
(265, 265, 'MercadoPago', 8000.00, '2025-08-22 15:18:02'),
(266, 266, 'MercadoPago', 8000.00, '2025-08-22 20:34:05'),
(267, 267, 'MercadoPago', 8000.00, '2025-08-22 20:58:44'),
(268, 268, 'MercadoPago', 8000.00, '2025-08-22 21:32:15'),
(269, 269, 'Efectivo', 1000.00, '2025-08-22 21:34:39'),
(270, 270, 'Efectivo', 8000.00, '2025-08-22 22:19:06'),
(271, 271, 'MercadoPago', 9000.00, '2025-08-22 22:44:24'),
(272, 272, 'Efectivo', 8000.00, '2025-08-22 23:05:57'),
(273, 273, 'MercadoPago', 8000.00, '2025-08-23 14:20:21'),
(275, 274, 'Efectivo', 8000.00, '2025-08-23 21:13:51'),
(276, 275, 'MercadoPago', 8000.00, '2025-08-23 23:24:56'),
(277, 276, 'MercadoPago', 8000.00, '2025-08-26 13:24:59'),
(278, 277, 'MercadoPago', 8000.00, '2025-08-26 13:44:14'),
(280, 279, 'MercadoPago', 8000.00, '2025-08-26 14:38:17'),
(281, 280, 'Efectivo', 9000.00, '2025-08-26 15:11:28'),
(282, 282, 'Efectivo', 8000.00, '2025-08-26 20:32:05'),
(283, 281, 'Efectivo', 8000.00, '2025-08-26 20:32:14'),
(284, 283, 'MercadoPago', 8000.00, '2025-08-26 20:50:02'),
(285, 283, 'MercadoPago', 1500.00, '2025-08-26 20:53:10'),
(286, 284, 'MercadoPago', 8000.00, '2025-08-26 22:08:57'),
(287, 285, 'Efectivo', 8000.00, '2025-08-26 22:30:09'),
(288, 278, 'MercadoPago', 8000.00, '2025-08-26 22:36:18'),
(289, 286, 'MercadoPago', 8000.00, '2025-08-26 22:50:17'),
(290, 287, 'MercadoPago', 8000.00, '2025-08-27 12:47:40'),
(291, 288, 'MercadoPago', 8000.00, '2025-08-27 13:36:35'),
(292, 289, 'Efectivo', 8000.00, '2025-08-27 20:31:48'),
(293, 290, 'Efectivo', 1000.00, '2025-08-27 20:40:34'),
(294, 291, 'MercadoPago', 8000.00, '2025-08-27 21:01:16'),
(296, 293, 'MercadoPago', 8000.00, '2025-08-27 21:49:26'),
(297, 294, 'MercadoPago', 8000.00, '2025-08-27 22:11:48'),
(298, 295, 'MercadoPago', 8000.00, '2025-08-27 22:42:26'),
(299, 296, 'Efectivo', 4000.00, '2025-08-27 22:53:58'),
(300, 292, 'Efectivo', 8000.00, '2025-08-27 23:37:18'),
(301, 297, 'Efectivo', 8000.00, '2025-08-28 20:40:49'),
(302, 298, 'Efectivo', 1000.00, '2025-08-28 21:22:35'),
(303, 299, 'MercadoPago', 8000.00, '2025-08-28 22:36:14'),
(304, 300, 'MercadoPago', 8000.00, '2025-08-28 23:28:02'),
(305, 301, 'Efectivo', 8000.00, '2025-08-28 23:51:20'),
(306, 302, 'MercadoPago', 8000.00, '2025-08-29 12:38:46'),
(307, 303, 'MercadoPago', 1000.00, '2025-08-29 20:01:42'),
(308, 304, 'MercadoPago', 8000.00, '2025-08-29 22:06:03'),
(309, 305, 'Efectivo', 8000.00, '2025-08-29 22:19:18'),
(310, 306, 'MercadoPago', 9000.00, '2025-08-29 22:41:12'),
(311, 307, 'Efectivo', 8000.00, '2025-08-29 23:05:20'),
(313, 308, 'Efectivo', 8000.00, '2025-08-30 13:53:52'),
(314, 309, 'Efectivo', 8000.00, '2025-08-30 20:31:41'),
(315, 310, 'MercadoPago', 8000.00, '2025-08-30 20:51:57'),
(316, 312, 'MercadoPago', 8000.00, '2025-08-30 21:29:56'),
(317, 311, 'MercadoPago', 8000.00, '2025-08-30 21:30:04'),
(318, 313, 'MercadoPago', 8000.00, '2025-09-01 13:56:28'),
(319, 314, 'MercadoPago', 9500.00, '2025-09-01 14:46:20'),
(320, 315, 'MercadoPago', 8000.00, '2025-09-01 15:41:45'),
(321, 316, 'MercadoPago', 8000.00, '2025-09-01 20:38:35'),
(322, 317, 'Efectivo', 8000.00, '2025-09-01 22:18:30'),
(323, 318, 'MercadoPago', 8000.00, '2025-09-01 22:19:51'),
(324, 319, 'MercadoPago', 8000.00, '2025-09-01 22:38:10'),
(325, 320, 'Efectivo', 8000.00, '2025-09-01 22:52:41'),
(326, 322, 'MercadoPago', 8000.00, '2025-09-01 23:25:19'),
(327, 321, 'MercadoPago', 8000.00, '2025-09-01 23:25:27'),
(328, 323, 'MercadoPago', 8000.00, '2025-09-02 14:16:55'),
(329, 324, 'MercadoPago', 8000.00, '2025-09-02 22:00:18'),
(330, 325, 'MercadoPago', 8000.00, '2025-09-02 22:12:28'),
(331, 326, 'MercadoPago', 8000.00, '2025-09-02 22:34:11'),
(332, 327, 'MercadoPago', 8000.00, '2025-09-02 22:53:54'),
(333, 328, 'MercadoPago', 8000.00, '2025-09-02 23:10:10'),
(334, 329, 'Efectivo', 8000.00, '2025-09-02 23:36:39'),
(335, 330, 'MercadoPago', 8000.00, '2025-09-02 23:55:04'),
(336, 331, 'Efectivo', 8000.00, '2025-09-03 14:39:00'),
(337, 332, 'MercadoPago', 1000.00, '2025-09-03 19:57:52'),
(338, 333, 'Efectivo', 8000.00, '2025-09-03 20:24:28'),
(339, 334, 'MercadoPago', 8000.00, '2025-09-03 20:58:21'),
(340, 335, 'MercadoPago', 8000.00, '2025-09-03 22:47:04'),
(341, 336, 'MercadoPago', 8000.00, '2025-09-03 23:22:37'),
(342, 336, 'MercadoPago', 1000.00, '2025-09-03 23:23:04'),
(343, 337, 'MercadoPago', 8000.00, '2025-09-04 14:02:44'),
(344, 338, 'MercadoPago', 8000.00, '2025-09-04 14:05:26'),
(345, 339, 'MercadoPago', 8000.00, '2025-09-04 20:30:14'),
(346, 340, 'MercadoPago', 8000.00, '2025-09-04 20:47:54'),
(347, 341, 'MercadoPago', 9000.00, '2025-09-04 21:33:25'),
(348, 343, 'MercadoPago', 1000.00, '2025-09-04 21:53:11'),
(349, 344, 'MercadoPago', 9000.00, '2025-09-04 22:18:50'),
(350, 345, 'Efectivo', 8000.00, '2025-09-04 22:37:51'),
(351, 346, 'MercadoPago', 8000.00, '2025-09-04 23:01:09'),
(352, 347, 'MercadoPago', 8000.00, '2025-09-04 23:12:30'),
(353, 349, 'Efectivo', 8000.00, '2025-09-04 23:48:14'),
(354, 348, 'MercadoPago', 8000.00, '2025-09-04 23:48:21'),
(355, 348, 'MercadoPago', 1000.00, '2025-09-04 23:49:52'),
(356, 350, 'MercadoPago', 8000.00, '2025-09-05 14:52:07'),
(357, 351, 'MercadoPago', 8000.00, '2025-09-05 15:30:34'),
(358, 352, 'MercadoPago', 8000.00, '2025-09-05 16:10:34'),
(359, 353, 'MercadoPago', 8000.00, '2025-09-05 20:27:56'),
(360, 354, 'MercadoPago', 8000.00, '2025-09-05 21:12:52'),
(361, 355, 'MercadoPago', 8000.00, '2025-09-05 21:39:53'),
(362, 356, 'Efectivo', 8000.00, '2025-09-05 22:18:54'),
(363, 357, 'Efectivo', 8000.00, '2025-09-05 22:40:06'),
(364, 358, 'Efectivo', 8000.00, '2025-09-05 23:52:28'),
(365, 359, 'Efectivo', 8000.00, '2025-09-06 13:40:15'),
(366, 361, 'MercadoPago', 8000.00, '2025-09-06 20:42:11'),
(367, 360, 'MercadoPago', 8000.00, '2025-09-06 20:42:18'),
(368, 362, 'MercadoPago', 8000.00, '2025-09-06 20:57:01'),
(369, 362, 'MercadoPago', 1000.00, '2025-09-06 20:57:25'),
(370, 363, 'MercadoPago', 8000.00, '2025-09-06 21:21:34'),
(371, 364, 'MercadoPago', 1000.00, '2025-09-06 21:48:09'),
(372, 365, 'Efectivo', 8000.00, '2025-09-06 22:13:50'),
(373, 366, 'MercadoPago', 8000.00, '2025-09-06 22:37:19'),
(374, 367, 'MercadoPago', 8000.00, '2025-09-08 13:55:44'),
(375, 368, 'MercadoPago', 8000.00, '2025-09-08 15:18:16'),
(376, 369, 'MercadoPago', 8000.00, '2025-09-08 15:39:11'),
(377, 370, 'MercadoPago', 1000.00, '2025-09-08 20:09:49'),
(378, 371, 'MercadoPago', 8000.00, '2025-09-08 21:28:23'),
(379, 372, 'MercadoPago', 8000.00, '2025-09-08 22:14:11'),
(380, 373, 'Efectivo', 8000.00, '2025-09-08 22:30:22'),
(381, 374, 'MercadoPago', 8000.00, '2025-09-08 23:13:36'),
(382, 375, 'MercadoPago', 8000.00, '2025-09-09 21:01:49'),
(383, 377, 'Efectivo', 8000.00, '2025-09-09 21:43:56'),
(384, 376, 'Efectivo', 8000.00, '2025-09-09 21:44:04'),
(385, 378, 'MercadoPago', 8000.00, '2025-09-09 22:28:49'),
(386, 379, 'Efectivo', 8000.00, '2025-09-09 23:04:01'),
(387, 380, 'Efectivo', 4000.00, '2025-09-09 23:37:47'),
(388, 381, 'Efectivo', 8000.00, '2025-09-10 21:06:30'),
(389, 382, 'Efectivo', 8000.00, '2025-09-10 22:58:34'),
(390, 383, 'Efectivo', 8000.00, '2025-09-10 23:23:09'),
(391, 384, 'Efectivo', 8000.00, '2025-09-11 13:15:38'),
(392, 385, 'Efectivo', 8000.00, '2025-09-11 13:35:49'),
(393, 386, 'MercadoPago', 8000.00, '2025-09-11 13:59:04'),
(395, 388, 'MercadoPago', 8000.00, '2025-09-11 21:08:59'),
(396, 387, 'MercadoPago', 1000.00, '2025-09-11 21:58:58'),
(397, 389, 'Efectivo', 10000.00, '2025-09-11 22:21:35'),
(398, 390, 'Efectivo', 8000.00, '2025-09-11 22:40:35'),
(399, 390, 'Efectivo', 1000.00, '2025-09-11 22:40:53'),
(400, 391, 'Efectivo', 8000.00, '2025-09-11 23:00:55'),
(401, 392, 'Efectivo', 8000.00, '2025-09-11 23:20:27'),
(402, 393, 'Efectivo', 8000.00, '2025-09-12 13:48:26'),
(403, 394, 'MercadoPago', 1000.00, '2025-09-12 20:04:51'),
(404, 396, 'MercadoPago', 9000.00, '2025-09-12 21:13:58'),
(405, 395, 'MercadoPago', 9000.00, '2025-09-12 21:14:12'),
(406, 397, 'MercadoPago', 9000.00, '2025-09-12 21:35:20'),
(407, 399, 'Efectivo', 9000.00, '2025-09-12 22:28:01'),
(408, 398, 'Efectivo', 9000.00, '2025-09-12 22:28:08'),
(409, 400, 'Efectivo', 9000.00, '2025-09-12 23:22:37'),
(410, 401, 'Efectivo', 5000.00, '2025-09-13 13:46:29'),
(411, 402, 'MercadoPago', 9000.00, '2025-09-13 14:27:33'),
(412, 403, 'MercadoPago', 9000.00, '2025-09-13 21:50:35'),
(413, 404, 'MercadoPago', 1500.00, '2025-09-13 22:12:54'),
(414, 405, 'MercadoPago', 9000.00, '2025-09-13 22:35:39'),
(415, 406, 'MercadoPago', 9000.00, '2025-09-13 23:39:15'),
(416, 407, 'MercadoPago', 9000.00, '2025-09-15 15:14:38'),
(417, 408, 'MercadoPago', 9000.00, '2025-09-15 20:21:12'),
(418, 409, 'Efectivo', 9000.00, '2025-09-15 20:58:10'),
(419, 410, 'Efectivo', 9000.00, '2025-09-15 22:37:50'),
(420, 411, 'Efectivo', 9000.00, '2025-09-15 23:28:58'),
(421, 412, 'Efectivo', 9000.00, '2025-09-16 13:26:11'),
(422, 413, 'MercadoPago', 9000.00, '2025-09-16 14:34:31'),
(424, 414, 'MercadoPago', 7000.00, '2025-09-16 14:37:54'),
(425, 414, 'Efectivo', 2000.00, '2025-09-16 14:38:07'),
(426, 415, 'MercadoPago', 1000.00, '2025-09-16 20:28:13'),
(427, 416, 'Efectivo', 5000.00, '2025-09-16 20:55:14'),
(428, 417, 'Efectivo', 9000.00, '2025-09-16 21:20:31'),
(429, 418, 'MercadoPago', 9000.00, '2025-09-16 22:06:17'),
(430, 419, 'MercadoPago', 1500.00, '2025-09-16 22:26:45'),
(431, 420, 'MercadoPago', 9000.00, '2025-09-16 22:46:13'),
(432, 421, 'MercadoPago', 9000.00, '2025-09-16 23:31:20'),
(433, 422, 'MercadoPago', 9000.00, '2025-09-16 23:31:57'),
(434, 423, 'Efectivo', 9000.00, '2025-09-17 13:27:25'),
(435, 424, 'MercadoPago', 9000.00, '2025-09-17 14:38:12'),
(436, 425, 'Efectivo', 9000.00, '2025-09-17 15:40:55'),
(437, 426, 'MercadoPago', 9000.00, '2025-09-17 20:44:45'),
(438, 427, 'MercadoPago', 9000.00, '2025-09-17 20:54:27'),
(439, 428, 'MercadoPago', 9000.00, '2025-09-17 21:25:08'),
(440, 429, 'Efectivo', 9000.00, '2025-09-17 21:56:58'),
(441, 430, 'Efectivo', 9000.00, '2025-09-17 22:11:45'),
(442, 431, 'MercadoPago', 9000.00, '2025-09-17 23:02:11'),
(443, 432, 'MercadoPago', 9000.00, '2025-09-17 23:02:41'),
(444, 433, 'MercadoPago', 9000.00, '2025-09-18 13:25:08'),
(445, 434, 'Efectivo', 10000.00, '2025-09-18 14:01:31'),
(446, 435, 'MercadoPago', 9000.00, '2025-09-18 14:18:32'),
(447, 436, 'MercadoPago', 9000.00, '2025-09-18 14:37:29'),
(448, 437, 'Efectivo', 9000.00, '2025-09-18 14:50:51'),
(449, 438, 'Efectivo', 9000.00, '2025-09-18 15:14:29'),
(450, 439, 'Efectivo', 9000.00, '2025-09-18 22:01:10'),
(451, 440, 'Efectivo', 9000.00, '2025-09-18 22:46:55'),
(452, 441, 'Efectivo', 9000.00, '2025-09-18 22:47:25'),
(453, 442, 'MercadoPago', 9000.00, '2025-09-18 23:06:30'),
(454, 443, 'MercadoPago', 10000.00, '2025-09-18 23:29:42'),
(455, 444, 'Efectivo', 9000.00, '2025-09-18 23:50:32'),
(456, 445, 'MercadoPago', 9000.00, '2025-09-19 14:01:30'),
(457, 446, 'MercadoPago', 9000.00, '2025-09-19 14:50:51'),
(458, 447, 'Efectivo', 9000.00, '2025-09-19 15:41:25'),
(459, 448, 'MercadoPago', 9000.00, '2025-09-19 20:33:44'),
(460, 449, 'Efectivo', 9000.00, '2025-09-19 20:51:04'),
(461, 450, 'MercadoPago', 9000.00, '2025-09-19 21:08:49'),
(462, 451, 'MercadoPago', 9000.00, '2025-09-19 21:35:33'),
(463, 452, 'Efectivo', 9000.00, '2025-09-19 21:55:26'),
(464, 453, 'Efectivo', 9000.00, '2025-09-19 22:10:12'),
(465, 454, 'MercadoPago', 9000.00, '2025-09-19 22:28:10'),
(466, 455, 'MercadoPago', 9000.00, '2025-09-19 23:34:13'),
(467, 456, 'Efectivo', 9000.00, '2025-09-20 14:10:37'),
(468, 457, 'MercadoPago', 9000.00, '2025-09-20 14:56:44'),
(469, 458, 'MercadoPago', 9000.00, '2025-09-20 14:57:08'),
(470, 459, 'Efectivo', 9000.00, '2025-09-20 20:39:13'),
(471, 460, 'MercadoPago', 9000.00, '2025-09-22 15:33:22'),
(472, 461, 'MercadoPago', 9000.00, '2025-09-22 20:13:16'),
(473, 462, 'Efectivo', 9000.00, '2025-09-22 20:39:42'),
(474, 463, 'MercadoPago', 6000.00, '2025-09-22 21:12:56'),
(475, 463, 'Efectivo', 3000.00, '2025-09-22 21:13:01'),
(476, 464, 'Efectivo', 9000.00, '2025-09-22 22:15:28'),
(477, 465, 'MercadoPago', 9000.00, '2025-09-22 22:44:11'),
(478, 466, 'MercadoPago', 9000.00, '2025-09-23 13:58:23'),
(479, 467, 'MercadoPago', 9000.00, '2025-09-23 22:02:27'),
(480, 468, 'MercadoPago', 9000.00, '2025-09-23 22:03:08'),
(481, 469, 'Efectivo', 9000.00, '2025-09-24 14:54:54'),
(482, 470, 'MercadoPago', 9000.00, '2025-09-24 14:55:34'),
(483, 471, 'MercadoPago', 9000.00, '2025-09-24 15:42:53'),
(484, 472, 'MercadoPago', 9000.00, '2025-09-24 20:20:11'),
(485, 473, 'MercadoPago', 1500.00, '2025-09-24 20:23:06'),
(486, 474, 'Efectivo', 9000.00, '2025-09-25 13:25:14'),
(487, 475, 'MercadoPago', 9000.00, '2025-09-25 14:48:59'),
(488, 476, 'MercadoPago', 9000.00, '2025-09-25 15:12:31'),
(489, 477, 'Efectivo', 9000.00, '2025-09-25 15:39:45'),
(490, 478, 'Efectivo', 9000.00, '2025-09-25 20:22:30'),
(491, 479, 'Efectivo', 9000.00, '2025-09-25 20:34:53'),
(492, 480, 'MercadoPago', 9000.00, '2025-09-25 23:16:52'),
(493, 481, 'MercadoPago', 9000.00, '2025-09-25 23:35:10'),
(494, 482, 'Efectivo', 9000.00, '2025-09-26 14:50:09'),
(497, 483, 'Efectivo', 9000.00, '2025-09-26 15:39:26'),
(498, 485, 'Efectivo', 9000.00, '2025-09-26 20:32:15'),
(499, 486, 'MercadoPago', 9000.00, '2025-09-26 20:55:06'),
(500, 487, 'MercadoPago', 2000.00, '2025-09-26 21:41:07'),
(501, 488, 'Efectivo', 5000.00, '2025-09-26 21:56:15'),
(502, 489, 'MercadoPago', 9000.00, '2025-09-26 23:08:58'),
(503, 490, 'MercadoPago', 9000.00, '2025-09-26 23:26:11'),
(504, 491, 'Efectivo', 9000.00, '2025-09-27 14:13:29'),
(506, 492, 'MercadoPago', 9000.00, '2025-09-27 14:40:06'),
(507, 493, 'MercadoPago', 9000.00, '2025-09-27 15:03:45'),
(508, 494, 'Efectivo', 9000.00, '2025-09-27 20:21:02'),
(509, 495, 'MercadoPago', 9000.00, '2025-09-27 21:36:48'),
(510, 496, 'MercadoPago', 11000.00, '2025-09-27 22:11:21'),
(511, 496, 'Efectivo', 2000.00, '2025-09-27 22:11:26'),
(512, 497, 'MercadoPago', 9000.00, '2025-09-27 22:26:40'),
(513, 498, 'Efectivo', 9000.00, '2025-09-27 22:52:04'),
(514, 499, 'Efectivo', 9000.00, '2025-09-30 14:08:35'),
(515, 500, 'MercadoPago', 9000.00, '2025-09-30 20:49:35'),
(516, 501, 'MercadoPago', 9000.00, '2025-09-30 21:21:57'),
(517, 502, 'MercadoPago', 9000.00, '2025-09-30 22:08:29'),
(518, 503, 'Efectivo', 9000.00, '2025-09-30 23:08:08'),
(519, 504, 'MercadoPago', 9000.00, '2025-09-30 23:47:39'),
(520, 505, 'MercadoPago', 9000.00, '2025-09-30 23:48:12'),
(521, 506, 'MercadoPago', 9000.00, '2025-10-01 13:57:59'),
(522, 507, 'MercadoPago', 9000.00, '2025-10-01 21:20:32'),
(523, 508, 'MercadoPago', 9000.00, '2025-10-01 21:48:41'),
(524, 509, 'Efectivo', 9000.00, '2025-10-01 22:45:14'),
(526, 510, 'MercadoPago', 8000.00, '2025-10-01 23:32:14'),
(527, 510, 'Efectivo', 1000.00, '2025-10-01 23:32:17'),
(528, 511, 'MercadoPago', 9000.00, '2025-10-02 15:08:16'),
(529, 512, 'MercadoPago', 9000.00, '2025-10-02 15:25:10'),
(530, 513, 'MercadoPago', 9000.00, '2025-10-02 22:16:08'),
(531, 514, 'MercadoPago', 9000.00, '2025-10-02 22:40:15'),
(532, 515, 'MercadoPago', 11000.00, '2025-10-02 23:03:22'),
(533, 516, 'MercadoPago', 9000.00, '2025-10-02 23:21:38'),
(534, 517, 'Efectivo', 9000.00, '2025-10-03 13:58:38'),
(536, 519, 'MercadoPago', 9000.00, '2025-10-03 15:02:45'),
(537, 520, 'MercadoPago', 9000.00, '2025-10-03 15:25:27'),
(538, 521, 'MercadoPago', 9000.00, '2025-10-03 20:34:25'),
(539, 522, 'MercadoPago', 9000.00, '2025-10-03 20:50:15'),
(540, 523, 'MercadoPago', 10000.00, '2025-10-03 21:28:13'),
(541, 524, 'MercadoPago', 9000.00, '2025-10-03 21:57:00'),
(542, 525, 'MercadoPago', 9000.00, '2025-10-03 21:57:33'),
(543, 526, 'Efectivo', 9000.00, '2025-10-03 22:11:27'),
(544, 527, 'MercadoPago', 9000.00, '2025-10-03 22:35:36'),
(545, 528, 'MercadoPago', 10000.00, '2025-10-03 22:52:23'),
(546, 529, 'MercadoPago', 9000.00, '2025-10-03 23:09:09'),
(547, 530, 'MercadoPago', 9000.00, '2025-10-04 13:14:52'),
(548, 531, 'MercadoPago', 9000.00, '2025-10-04 14:16:39'),
(549, 532, 'MercadoPago', 9000.00, '2025-10-04 14:52:27'),
(550, 533, 'MercadoPago', 9000.00, '2025-10-04 14:52:54'),
(551, 534, 'MercadoPago', 9000.00, '2025-10-04 15:15:46'),
(552, 535, 'MercadoPago', 9000.00, '2025-10-04 15:30:22'),
(553, 536, 'Efectivo', 2000.00, '2025-10-04 20:02:08'),
(554, 537, 'Efectivo', 9000.00, '2025-10-04 20:23:40'),
(555, 538, 'MercadoPago', 9000.00, '2025-10-04 20:58:14'),
(556, 539, 'MercadoPago', 9000.00, '2025-10-04 21:16:59'),
(557, 540, 'Efectivo', 9000.00, '2025-10-06 14:04:57'),
(558, 541, 'Efectivo', 9000.00, '2025-10-06 14:05:49'),
(559, 542, 'MercadoPago', 9000.00, '2025-10-06 22:20:06'),
(560, 543, 'MercadoPago', 9000.00, '2025-10-06 23:37:31'),
(561, 544, 'MercadoPago', 9000.00, '2025-10-07 20:59:25'),
(562, 545, 'MercadoPago', 9000.00, '2025-10-07 22:33:59'),
(563, 546, 'Efectivo', 9000.00, '2025-10-07 22:47:41'),
(564, 547, 'MercadoPago', 11000.00, '2025-10-07 23:06:07'),
(565, 548, 'Efectivo', 9000.00, '2025-10-07 23:17:33'),
(566, 549, 'MercadoPago', 9000.00, '2025-10-08 14:44:15'),
(567, 550, 'MercadoPago', 9000.00, '2025-10-08 15:36:08'),
(570, 551, 'Efectivo', 9000.00, '2025-10-08 20:50:47'),
(571, 553, 'MercadoPago', 9000.00, '2025-10-08 21:12:12'),
(572, 551, 'MercadoPago', 2000.00, '2025-10-08 21:12:35'),
(573, 552, 'Efectivo', 9000.00, '2025-10-08 21:12:58'),
(574, 553, 'MercadoPago', 2000.00, '2025-10-08 21:14:57'),
(575, 554, 'Efectivo', 9000.00, '2025-10-08 21:48:19'),
(577, 556, 'MercadoPago', 9000.00, '2025-10-09 14:20:49'),
(578, 557, 'Efectivo', 9000.00, '2025-10-09 15:29:59'),
(579, 558, 'MercadoPago', 11000.00, '2025-10-09 22:51:56'),
(580, 555, 'MercadoPago', 9000.00, '2025-10-09 23:20:52'),
(581, 559, 'MercadoPago', 9000.00, '2025-10-09 23:21:16'),
(582, 560, 'Efectivo', 9000.00, '2025-10-09 23:45:51'),
(583, 561, 'Efectivo', 9000.00, '2025-10-11 14:27:11'),
(584, 563, 'Efectivo', 9000.00, '2025-10-11 14:47:17'),
(585, 562, 'Efectivo', 9000.00, '2025-10-11 14:47:46'),
(586, 564, 'Efectivo', 9000.00, '2025-10-11 14:48:56'),
(587, 565, 'MercadoPago', 10000.00, '2025-10-11 15:37:34'),
(588, 566, 'Efectivo', 9000.00, '2025-10-11 20:32:49'),
(589, 568, 'MercadoPago', 13000.00, '2025-10-11 21:36:12'),
(590, 569, 'Efectivo', 9000.00, '2025-10-11 21:55:01'),
(591, 570, 'Efectivo', 9000.00, '2025-10-11 22:23:13'),
(592, 571, 'Efectivo', 9000.00, '2025-10-11 22:50:34'),
(593, 572, 'Efectivo', 9000.00, '2025-10-11 23:12:16'),
(594, 573, 'MercadoPago', 9000.00, '2025-10-11 23:49:45'),
(595, 574, 'Efectivo', 9000.00, '2025-10-13 13:54:03'),
(596, 575, 'MercadoPago', 9000.00, '2025-10-13 15:08:13'),
(597, 576, 'Efectivo', 9000.00, '2025-10-13 20:20:40'),
(598, 577, 'MercadoPago', 9000.00, '2025-10-13 20:43:53'),
(599, 578, 'MercadoPago', 9000.00, '2025-10-13 21:03:59'),
(600, 580, 'Efectivo', 9000.00, '2025-10-14 14:09:08'),
(601, 579, 'Efectivo', 9000.00, '2025-10-14 14:09:18'),
(602, 581, 'MercadoPago', 9000.00, '2025-10-14 23:01:05'),
(603, 582, 'MercadoPago', 9000.00, '2025-10-14 23:40:03');

-- --------------------------------------------------------

--
-- Estructura de tabla para la tabla `productos_servicios`
--

CREATE TABLE `productos_servicios` (
  `Id` int(11) NOT NULL,
  `Nombre` varchar(100) NOT NULL,
  `Descripcion` text DEFAULT NULL,
  `Precio` decimal(10,2) NOT NULL,
  `EsAlmacenable` tinyint(1) DEFAULT 0,
  `Cantidad` int(11) DEFAULT 0,
  `Activo` tinyint(1) NOT NULL DEFAULT 1
) ENGINE=InnoDB DEFAULT CHARSET=utf8mb4 COLLATE=utf8mb4_general_ci;

--
-- Volcado de datos para la tabla `productos_servicios`
--

INSERT INTO `productos_servicios` (`Id`, `Nombre`, `Descripcion`, `Precio`, `EsAlmacenable`, `Cantidad`, `Activo`) VALUES
(1, 'Corte Clásico', 'Corte de pelo clásico', 9000.00, 0, NULL, 1),
(2, 'Degrade Alto', NULL, 9000.00, 0, 2, 1),
(3, 'Degrade Bajo', NULL, 9000.00, 0, NULL, 1),
(4, 'Degrade Medio', NULL, 9000.00, 0, 2, 1),
(5, 'Mullet', NULL, 9000.00, 0, NULL, 1),
(6, 'Modern Mullet', 'Mullet comun pero con los laterales mas razurados, se caracteriza por tener los laterales rapados como un mowhawk', 9000.00, 0, NULL, 1),
(7, 'Rapado', NULL, 5000.00, 0, NULL, 1),
(8, 'Mowhawk', NULL, 9000.00, 0, NULL, 1),
(9, 'Mod Cut', NULL, 9000.00, 0, NULL, 1),
(10, 'Degrade en V', NULL, 9000.00, 0, NULL, 1),
(11, 'Side Part', 'Corte clasico con linea al costado, puede contener un tapper fade o no', 9000.00, 0, NULL, 1),
(12, 'Tapper Fade', NULL, 9000.00, 0, NULL, 1),
(13, 'Barba', NULL, 3000.00, 0, NULL, 1),
(14, 'Barba Italiana', NULL, 3000.00, 0, NULL, 1),
(15, 'Pepsi', NULL, 2000.00, 1, 0, 0),
(16, 'Pepsi Twist', NULL, 1000.00, 1, 1, 0),
(17, 'Pepsi Black', NULL, 2000.00, 1, 0, 0),
(18, 'Speed', NULL, 2000.00, 1, 6, 1),
(19, 'Powerade', NULL, 1500.00, 1, 7, 1),
(20, 'afeitada', NULL, 3000.00, 0, NULL, 1),
(21, 'Coca Cola', NULL, 2000.00, 1, 9, 1),
(22, 'Juguito', NULL, 1000.00, 1, 6, 1),
(23, 'Shaggy ', NULL, 9000.00, 0, 0, 1),
(24, 'Fanta', NULL, 2000.00, 1, 10, 1),
(25, 'Sprite', NULL, 2000.00, 1, 11, 1),
(26, 'Agua', NULL, 1000.00, 1, 5, 1);

-- --------------------------------------------------------

--
-- Estructura de tabla para la tabla `rol`
--

CREATE TABLE `rol` (
  `Id` int(11) NOT NULL,
  `NombreRol` varchar(50) NOT NULL
) ENGINE=InnoDB DEFAULT CHARSET=utf8mb4 COLLATE=utf8mb4_general_ci;

--
-- Volcado de datos para la tabla `rol`
--

INSERT INTO `rol` (`Id`, `NombreRol`) VALUES
(1, 'Administrador'),
(2, 'Barbero'),
(3, 'Cliente');

-- --------------------------------------------------------

--
-- Estructura de tabla para la tabla `turno`
--

CREATE TABLE `turno` (
  `Id` int(11) NOT NULL,
  `ClienteId` int(11) NOT NULL,
  `BarberoId` int(11) NOT NULL,
  `FechaHora` datetime NOT NULL,
  `EstadoId` int(11) NOT NULL,
  `Notas` text DEFAULT NULL,
  `FechaSolicitud` datetime NOT NULL DEFAULT current_timestamp(),
  `FechaCancelacion` datetime DEFAULT NULL,
  `MotivoCancelacion` varchar(255) DEFAULT NULL
) ENGINE=InnoDB DEFAULT CHARSET=utf8mb4 COLLATE=utf8mb4_general_ci;

-- --------------------------------------------------------

--
-- Estructura de tabla para la tabla `turno_servicio`
--

CREATE TABLE `turno_servicio` (
  `Id` int(11) NOT NULL,
  `TurnoId` int(11) NOT NULL,
  `ProductoServicioId` int(11) NOT NULL,
  `DuracionEstimacionMinutos` int(11) DEFAULT NULL
) ENGINE=InnoDB DEFAULT CHARSET=utf8mb4 COLLATE=utf8mb4_general_ci;

-- --------------------------------------------------------

--
-- Estructura de tabla para la tabla `usuario`
--

CREATE TABLE `usuario` (
  `Id` int(11) NOT NULL,
  `Nombre` varchar(100) NOT NULL,
  `Email` varchar(100) NOT NULL,
  `Telefono` varchar(20) DEFAULT NULL,
  `Avatar` varchar(255) DEFAULT NULL,
  `RolId` int(11) NOT NULL,
  `AccedeAlSistema` tinyint(1) DEFAULT 0,
  `Activo` tinyint(1) DEFAULT 1,
  `PasswordHash` varchar(255) NOT NULL,
  `FechaRegistro` datetime DEFAULT current_timestamp(),
  `IdUsuarioCrea` int(11) NOT NULL,
  `IdUsuarioModifica` int(11) DEFAULT NULL,
  `FechaModificacion` datetime DEFAULT NULL
) ENGINE=InnoDB DEFAULT CHARSET=utf8mb4 COLLATE=utf8mb4_general_ci;

--
-- Volcado de datos para la tabla `usuario`
--

INSERT INTO `usuario` (`Id`, `Nombre`, `Email`, `Telefono`, `Avatar`, `RolId`, `AccedeAlSistema`, `Activo`, `PasswordHash`, `FechaRegistro`, `IdUsuarioCrea`, `IdUsuarioModifica`, `FechaModificacion`) VALUES
(1, 'Admin', 'admin@forest.com', '', NULL, 1, 1, 1, '$2a$11$4WJacQCpHjzs.gBRTZ4Yh.DKcp8b74wnQfY3PZ8o/JpSpc2YTTcXq', '2025-07-06 01:12:37', 1, 1, '2025-07-06 01:15:17'),
(2, 'Emanuel Cabrera', 'emacabrera2013@gmail.com', '2657716172', '/avatars/2/avatar_2_92445c88-2bd6-4392-9924-8725614d3297.jpg', 2, 1, 1, '$2a$11$CPuK9gOZmLUqfq8lRADuf.SV9HueY5sSKB0tlH6R65VBG6GATNS6e', '2025-07-06 01:18:08', 1, 2, '2025-08-25 13:07:04'),
(3, 'Emiliano Mora', 'emilianomora71@gmail.com', '2657618468', NULL, 3, 0, 1, '$2a$11$LVo6VWhASAOTkv6QbcCli.hds4LtlWp9x9FbwcKNc6LcqlDSzJ2Fm', '2025-07-07 13:48:27', 2, NULL, NULL),
(4, 'Lucio Salafia', 'luciosalafia51@gmail.com', '2657687202', NULL, 3, 0, 1, '$2a$11$6US9pwiDDrQNWYUru4UFy.VuRVc0kVQrBOMjB2mq2sAIrkzZ1foKW', '2025-07-07 14:11:49', 2, NULL, NULL),
(5, 'Luis Barroso', 'barrosoluisalberto51@gmail.com', '2657340727', NULL, 3, 0, 1, '$2a$11$RTzK9IIXWpvEIZB9FEo3Z..nJEpiyunD.5s6PkaAI8xmmW6d4IU0C', '2025-07-07 14:55:41', 2, NULL, NULL),
(6, 'Gonzalo Godoy', 'gonzaguira@gmail.com', '2657206540', NULL, 3, 0, 1, '$2a$11$J81dJ5wPnhbYagwUIBbfMuKmkdPZ1y2DSaxHdPhkOInQw8mn5tpla', '2025-07-07 15:48:03', 2, NULL, NULL),
(7, 'Cristian Casas', 'casas7360@gmail.com', '2657716247', NULL, 3, 0, 1, '$2a$11$X4KmtGzlU1RqlXFMCGx7K.Lw9Kah8EwOWjbahRY9reNCn9tnF.jd2', '2025-07-07 20:32:12', 2, NULL, NULL),
(8, 'Dario Aguirre', 'darioaguirre.ancoasrl@gmail.com', '2657340734', NULL, 3, 0, 1, '$2a$11$DWamAgxlXtO5sLh0TCB6eem6/1de61KPeOaf4vHNYfO5jF/iCd216', '2025-07-07 23:43:16', 2, NULL, NULL),
(9, 'Niño', 'niño@gmail.com', '11111111111', NULL, 3, 0, 1, '$2a$11$zwEyxHvP/mq.vl0fyrg6auymfcp/5jvzKW2bP34eJIFNZzDDoc17W', '2025-07-07 23:49:24', 2, NULL, NULL),
(10, 'Franco Menichetti', 'menichetti.f@gmail.com', '2657509354', NULL, 3, 0, 1, '$2a$11$UMSNEFroRC92ghKEVxsmQuqhesGia5lU/DcDVbly0OP7fYQl1EJZG', '2025-07-08 02:42:24', 1, NULL, NULL),
(11, 'Martin Ferrero', 'martinferrero303005@gmail.com', '2657567562', NULL, 3, 0, 1, '$2a$11$MqZIt7BmckvQyxeYUeQgYu3PBMs2bWZ1z4OnGhKxOkpymUwCneuJu', '2025-07-08 13:24:50', 2, NULL, NULL),
(12, 'Braian Cabrera', 'braiancabreradaniel@gmail.com', '2657304927', NULL, 3, 0, 1, '$2a$11$DUGbsOQj1Hf07SBG.6vPru0irlK2XUMEdAzbXNHInf9coE87NCKwe', '2025-07-08 14:05:15', 2, NULL, NULL),
(13, 'Joaquin Verdinelli', 'joaquiver31@gmail.com', '2657619192', NULL, 3, 0, 1, '$2a$11$eD6yj6QrclCmWlnlPJMC1umndIdzJUFA9iIXy3ms5r5xgfJMfgTfG', '2025-07-08 15:42:56', 2, NULL, NULL),
(14, 'Geronimo Arizaga', 'geronimoarizaga@gmail.com', '2657688127', NULL, 3, 0, 1, '$2a$11$Fo81v4ImJ3rzF1wpbw/4pepB5NHOTvDxnF4GDXmwAtGfRnCUUXw9u', '2025-07-08 16:18:53', 2, NULL, NULL),
(15, 'Emanuel Ferrera', 'emafe89@gmail.com', '2657507835', NULL, 3, 0, 1, '$2a$11$z1VgaLshRFZIaaKEDh3X8erT/dCCrZU1YygRbk6clUFJ88y9Ja7aS', '2025-07-08 20:21:00', 2, NULL, NULL),
(16, 'Ignacio Garro', 'nachogarro62@gmail.com', '2657356736', NULL, 3, 0, 1, '$2a$11$j.os1Dvd455mJj5.01TDfewqeJR0cOpXuEaHYF8FcIXnU5w8EGXSK', '2025-07-08 20:37:33', 2, NULL, NULL),
(17, 'Nicolas Rojas', 'nicoolasrojasyo2019@gmail.com', '3436128548', NULL, 3, 0, 1, '$2a$11$fFh6M6.zMSAvDe6i6F61.erzvC6KkFau0yuj8H1eUPdc8lS6SkilG', '2025-07-08 21:44:42', 2, NULL, NULL),
(18, 'Geronimo Herrera', 'geroherrera351@gmail.com', '2657237163', NULL, 3, 0, 1, '$2a$11$LwWK/TduwYh7OdQKOO15UuU/A/c/XfHAaQ/Xe5XTv74jtdF4KA8PC', '2025-07-08 22:00:14', 2, NULL, NULL),
(19, 'Francisco Ruperez', 'franciscoruperez0@gmail.com', '2657583546', NULL, 3, 0, 1, '$2a$11$bdl/sMpS1Tq8wrWF8TGFQusUFHfNsP2xK1TZcZ1v0ykxULg4oWyb.', '2025-07-08 22:18:08', 2, NULL, NULL),
(20, 'David Roldan', 'h.david.roldan@gmail.com', '3382410779', NULL, 3, 0, 1, '$2a$11$dFeaJ6e9MCVPNHzybr4XVO334yFSDdoBgAHCwlTlacYczDfRrq1Iu', '2025-07-08 22:43:26', 2, NULL, NULL),
(21, 'Marcelo Gonzalez', 'marcelodgonzalez29@gmail.com', '2657205276', NULL, 3, 0, 1, '$2a$11$n.iGpd.PCEVrF7War.ebleviM9OE7/E2YZq4Aa8tnv1nQe6LyBhyW', '2025-07-10 21:24:42', 2, NULL, NULL),
(22, 'Juan Corbalan', 'corbalanbuenojuanjose@gmail.com', '2657583805', NULL, 3, 0, 1, '$2a$11$SjsI4hLd2R5VsDQZk27GH.dmI/9WN1qL5TlvkP2ECo.ngJonId.tG', '2025-07-11 14:27:57', 2, NULL, NULL),
(23, 'Bernhard Baron', 'berbaron@yahoo.com.ar', '2216788997', NULL, 3, 0, 1, '$2a$11$7JRxYr41Hb/NEbYX2WTV/ebsJnRCaoV1FKYU5qeSQ8/KcgRe3mIp6', '2025-07-11 15:31:02', 2, NULL, NULL),
(24, 'Emanuel Cabrera', 'davidemacabrera@gmail.com', '2657716172', NULL, 3, 0, 1, '$2a$11$uONauvNQEiSpyjGsEFSjQuFfNHVRHZpFzpSKzy/12SUeUK5ahX3f6', '2025-07-11 19:56:46', 2, NULL, NULL),
(25, 'Leonel Boschi', 'leonelboschi@gmail.com', '2657328341', NULL, 3, 0, 1, '$2a$11$k/SNZKMxE8h1ANLKw0IdF.797QXP4WwXOfnK5yF0dd3diK3s6Tgkq', '2025-07-11 20:58:48', 2, NULL, NULL),
(26, 'Fernando Alturria', 'alturriafernando@gmail.com', '2657228830', NULL, 3, 0, 1, '$2a$11$lQbVibH3LPCFy7yuMRaGV.20GMaPXOlRlq5jur7Miwx4g65DTTI9.', '2025-07-11 21:34:58', 2, NULL, NULL),
(27, 'Franco Coria', 'francokoriavm@gmail.com', '2657520081', NULL, 3, 0, 1, '$2a$11$A/VMhfNLkjBOdLIFbfryVutGbIOqReieZ/0YqVXeYGmUlygA42lsG', '2025-07-12 20:20:08', 2, NULL, NULL),
(28, 'Lorenzo Vinuesa', 'vinuesaautomotores@gmail.com', '2657655076', NULL, 3, 0, 1, '$2a$11$6S/6a5n9jBb6J1ylxtIjwebxriCfDLOoX90NSVqJoB6326wv77gxG', '2025-07-12 20:48:42', 2, NULL, NULL),
(29, 'Matias Valenzuela', 'valenzuelamatiasoscar@gmail.com', '2657716430', NULL, 3, 0, 1, '$2a$11$BUNXETeQ9bqBU5IS4GgneeKHMFL32wlcZizD7vqTAGNTZbuw2m2/u', '2025-07-12 21:02:46', 2, NULL, NULL),
(30, 'Leopoldo Saeuas', 'leosaeuas.saeuas@gmail.com', '2657790563', NULL, 3, 0, 1, '$2a$11$Q4yXVCLKfvUDOcIXm6anQ.z4SRouOKb8EVnkAO49BLjlnnFtA8Xx.', '2025-07-12 21:18:55', 2, NULL, NULL),
(31, 'Manuel Merino', 'manuelisaacmerino00@gmail.com', '2657351177', NULL, 3, 0, 1, '$2a$11$FuNzxk9ReQU30ji1B9G6kud16jaOtKTMifOXoHbKTKsbrz25JcCWm', '2025-07-12 21:35:16', 2, NULL, NULL),
(32, 'Jhonatan Cherio', 'cherioluz@gmail.com', '2615278686', NULL, 3, 0, 1, '$2a$11$edip4MLb4AMe45H7SKw/7uOxJOaimhGnJeIP8kj0fsQVoo80vJdtG', '2025-07-12 21:50:48', 2, NULL, NULL),
(33, 'Matias Gomez', 'mgomezmaximiliano@gmail.com', '2657300079', NULL, 3, 0, 1, '$2a$11$BAb1skizM5.T.cOvocis4eP8KUCn3lemei.KJ.tAWMp2eysN1MVTS', '2025-07-12 22:04:54', 2, NULL, NULL),
(34, 'Franco Daniel Coria', 'francocoriaglenon@gmail.com', '2657317474', NULL, 3, 0, 1, '$2a$11$5e7ArfT28nepzQqImkh.FuvhvOy138I4nVzfGJNrfkD9/WHj.GUhm', '2025-07-12 23:25:40', 2, NULL, NULL),
(35, 'Alex Flores', 'alexf2259@gmail.com', '2657509279', NULL, 3, 0, 1, '$2a$11$ADHkYFnh0dEQTR9DZJUzAO4uoNntOiMRr1Pr1UiHCQIxJF29pdFr.', '2025-07-12 23:41:32', 2, NULL, NULL),
(36, 'Martin Espinosa', 'martincho575@hotmail.com', '2657503141', NULL, 3, 0, 1, '$2a$11$9gba31Vyg7M7FoBZPCnIW.DCgVC.cJkonghch0m2WRWIo9ZBrI8Pu', '2025-07-15 13:32:35', 2, NULL, NULL),
(37, 'Santiago Alcaraz', 'alcarazsantiago634@gmail.com', '2657615244', NULL, 3, 0, 1, '$2a$11$mqIa3E8OVLTmUPMUlFomEeHkgVd.AeFOgUgttwhl6RYTV1MsIJt/y', '2025-07-15 15:23:02', 2, NULL, NULL),
(38, 'Joaquim Piccolini', 'joaquim.piccolini@gmail.com', '3434408874', NULL, 3, 0, 1, '$2a$11$1/bcIpCmBg8qFUJPAHlQb.D1MrgfQ/bYARRV99q.HWTdeyLKhzbkC', '2025-07-15 21:15:56', 2, NULL, NULL),
(39, 'Juan Ureta', 'juanureta98@gmail.com', '2657707817', NULL, 3, 0, 1, '$2a$11$Dlt4bNjX0ejvFrlK1vF2YOA28/NIrr74kKken8hcHECm9po7nA.Ty', '2025-07-15 22:49:48', 2, NULL, NULL),
(40, 'Andres Rossetti', 'arossetti3008@gmail.com', '2657206292', NULL, 3, 0, 1, '$2a$11$az4FwlK2IMtRODHfF5r0guqx2h9HMCEZH51j5m4bmXAZc7wDpWFl2', '2025-07-16 21:27:46', 2, NULL, NULL),
(41, 'Dario Funes', 'dariofberti02@gmail.com', '2657589272', NULL, 3, 0, 1, '$2a$11$ZaUbz9IlfevYD5/qCyIpW.mh02TY45jX0lcFpE5ds2Y86hf7.VCr2', '2025-07-16 21:43:00', 2, NULL, NULL),
(42, 'David Muños', 'munosdavid519@gmail.com', '2657528440', NULL, 3, 0, 1, '$2a$11$AIw2MnxU8RVoqFmL3zsPGuxO3T5Yf1rB/bB4lsO9OH16v9LmZggoG', '2025-07-17 21:09:40', 2, NULL, NULL),
(43, 'Benjamin Frias', 'benjafrias712@gmail.com', '2657280469', NULL, 3, 0, 1, '$2a$11$H7WA8IHR4iBq.dWe2hnaL.KzTdoDmb9KbMV9GLJK7RcG89Vll64zC', '2025-07-17 21:31:50', 2, NULL, NULL),
(44, 'Pablo Brebel', 'pablobrebel@gmail.com', '2657671776', NULL, 3, 0, 1, '$2a$11$KwRgt1/ZQFp1cZsyj8dQ8O0gFqFylShO51asWA4wYzgix4JUFQCGO', '2025-07-17 21:51:30', 2, NULL, NULL),
(45, 'Andres Absch', 'andres.absch@gmail.com', '2657236026', NULL, 3, 0, 1, '$2a$11$BQKVCHMl9QqOWhhr5ZugaOrOadTmo0xbFMAqZdwURl1/H4tOdrdAm', '2025-07-17 22:22:28', 2, NULL, NULL),
(46, 'Diego Lira', 'diego04engr2015@gmail.com', '2657328797', NULL, 3, 0, 1, '$2a$11$WH4jgLl/snLWYrdG.d8J7uNqlVf0IYSoUQGhrreHO/3u48sLuJ1me', '2025-07-18 15:01:19', 2, NULL, NULL),
(47, 'Francisco Muñoz ', 'fm848999@gmail.com', '2657504631', NULL, 3, 0, 1, '$2a$11$/4ghdOaH55a8xi5fFNO6EubeLJ5cmeCQ5SaSMEPtodHNOjMgJ1UsS', '2025-07-18 21:02:50', 2, NULL, NULL),
(48, 'Arnaldo Tireli', 'transportegl@hotmail.com', '2657209189', NULL, 3, 0, 1, '$2a$11$UFAr5uQmbjVpyTxUR93LluZiBvsJvBUxhXArCAXGEzaThyUQFflZW', '2025-07-18 21:35:14', 2, NULL, NULL),
(49, 'Gabi Borsine', 'gabyborsone@gmail.com', '2657264998', NULL, 3, 0, 1, '$2a$11$92vbu6JlcD4OkV/VCwzebO3l7BP.rEa0ooU1d38jKdTnURVkAXIka', '2025-07-18 21:57:43', 2, NULL, NULL),
(50, 'Tomas Peñaloza', 'penalozatomas74@gmail.com', '2657231602', NULL, 3, 0, 1, '$2a$11$G2xtj5LZlHOzIcB.ORJdJuoTFnpp97MWZwMdPDVKilDJZH2IZ8UQi', '2025-07-18 22:15:34', 2, NULL, NULL),
(51, 'Carlos Francisco', 'chavesehijo@hotmail.com', '2657602621', NULL, 3, 0, 1, '$2a$11$ifdtNtQLewyRg8Ay9ji8xeKjxJC7yPl46i66lADNHOFfHUKegyQIe', '2025-07-18 23:14:34', 2, NULL, NULL),
(52, 'Nicolas Pereira', 'nicolape81@gmail.com', '2657238229', NULL, 3, 0, 1, '$2a$11$WkmDdf5QuJtC4OfVHX9FX.3fxlfc7NA0Bm3awRgP65wmJ.YHMHHtu', '2025-07-18 23:37:28', 2, NULL, NULL),
(53, 'Diego Hernan', 'degonunez0300@gmail.com', '2657611170', NULL, 3, 0, 1, '$2a$11$KOMXNc7NyaVpGGj4DdjzMOMUr4OggSQCjFz3rRLyJnOxEWJgBaDQW', '2025-07-19 13:33:12', 2, NULL, NULL),
(54, 'Alejandro Tamborini', 'alxtnb@gmail.com', '2657606441', NULL, 3, 0, 1, '$2a$11$OhauvDvHMxkBJnBy5vZeEe5m.yYTfl4meOEhfpqj1/FASJhxUIcXy', '2025-07-19 15:37:38', 2, NULL, NULL),
(55, 'Fernando Cortez', 'fernandocortez032@hotmail.com', '2657660569', NULL, 3, 0, 1, '$2a$11$EiIy51ytBoSmNWfsB.yENe/OSwuj8ggB3gfODXpZWBtB/tZBEk8mS', '2025-07-19 20:42:23', 2, NULL, NULL),
(56, 'Cristian Correa', 'cristian_vw82@hotmail.con', '2657516977', NULL, 3, 0, 1, '$2a$11$d53Le/edfq8ZRaA9RcTsjuEVl7B8CAxlDuO5Ku52QxEtvYPVrADpS', '2025-07-19 21:00:40', 2, NULL, NULL),
(57, 'Cristian Garcia', 'crisxenizes4@gmail.com', '2657228921', NULL, 3, 0, 1, '$2a$11$6MTY3/32yDNzhOlZFP8o1ec8AwgubFB.oVKaA7HrMtE/TxePKlniK', '2025-07-19 21:30:41', 2, NULL, NULL),
(58, 'Dylan Coria ', 'coriadylan04@gmail.com', '2657545506', NULL, 3, 0, 1, '$2a$11$w.F7g8Xr0pUi5JCJ.jJ9M.eS7yrH5YSwhJcMkim9DxDLjZ9kn45tq', '2025-07-19 21:59:00', 2, NULL, NULL),
(59, 'Lucas Jaime ', 'lucasbjaime791@gmail.com', '2657688837', NULL, 3, 0, 1, '$2a$11$AvYoeIa1jaFarXnl6HGU2u1q.9Ss4XhoPM5z0M3ltvh.fZMKe0MoK', '2025-07-19 22:31:44', 2, NULL, NULL),
(60, 'benjamin ortiz', 'benjaminezequiaso@gmail.com', '2657490719', NULL, 3, 0, 1, '$2a$11$xHJ/nx4VrnqWQXZ1GZsYruaxlbPBjPJ9BNfqmEtFWWuCjHH4oEqVS', '2025-07-19 23:09:49', 2, NULL, NULL),
(61, 'Jose Luis ', 'ortizjoseluis014@gmail.com', '2657355683', NULL, 3, 0, 1, '$2a$11$y8pp4fWmiug5jX0ISt1hwus23nhjqUu8tQ06DQ/VCbI0SHs8trueK', '2025-07-19 23:24:10', 2, NULL, NULL),
(62, 'Yaco Ferreira', 'ferreirayaco22@gmail.com', '2657659722', NULL, 3, 0, 1, '$2a$11$3XVmMkEB5zlFLa04AdXxVecvTzem6D8eo4rgL3KC39t5AsuAsDz4W', '2025-07-21 13:52:29', 2, NULL, NULL),
(63, 'Facundo Patty', 'facundomp2000@gmail.com', '2355696592', NULL, 3, 0, 1, '$2a$11$JleMAI6paB3kw73zW8wQr.LMmkVZGtWpqDqV6xiSDO8EY16g2nSAK', '2025-07-21 14:46:29', 2, NULL, NULL),
(64, 'Franco Ruiz', 'bautiruiz088@gmail.com', '2657200138', NULL, 3, 0, 1, '$2a$11$74RMBR9ICfj91Soas87aF.h4qH4VB4dhwnqcTVW7a8AQZ.WOJA.Bm', '2025-07-21 21:41:23', 2, NULL, NULL),
(65, 'Joaquin Arias', 'ariasjuaquin8010@gmail.com', '2657469652', NULL, 3, 0, 1, '$2a$11$oeWSO33Ok/5JTwHJpuyWCOeobkGKZPRpFfgvV0OBge0TKdKhdHzy6', '2025-07-21 22:02:46', 2, NULL, NULL),
(66, 'Cristian Arias', 'lic.cristiancustody@hotmail.com', '2657246981', NULL, 3, 0, 1, '$2a$11$vPqOxeqUrmhd0EaFTFr.oOME/12AwVgNjHVfCG.SZi1ch4zOp7lQ2', '2025-07-21 23:25:57', 2, NULL, NULL),
(67, 'Raul Olguin ', 'olguinraul663@gmail.com', '2657359028', NULL, 3, 0, 1, '$2a$11$4/wzy9gXCmxLqpa5HmqHTOXhWBogj7SEWfLLkD8qjluhGvkt6HkK.', '2025-07-22 13:43:08', 2, NULL, NULL),
(68, 'Sebastian Freytes', 'sebasfreytes@yahoo.com.ar', '2657226078', NULL, 3, 0, 1, '$2a$11$lnyl56CeWKiU1l5Fhlq5Vu4NnxtErH9OdrKhaGCc8EPrLpsm9dTQO', '2025-07-22 21:07:47', 2, NULL, NULL),
(69, 'Franco Gaggero', 'gaggerofrancoariel@gmail.com', '2657334087', NULL, 3, 0, 1, '$2a$11$.I98FglcX5n4zTXZxWUTaetC0VgFNs3SECJm0UeMx3S95hxKzpt0K', '2025-07-23 13:17:12', 2, NULL, NULL),
(70, 'Gustavo Alaniz', 'gustavo.mecal12@gmail.com', '2657643825', NULL, 3, 0, 1, '$2a$11$vJ4RpgbJpbKURIfZ0WjAleF2N3UV4mezAnOEBL6U0Asat7ld30I5m', '2025-07-23 20:44:29', 2, NULL, NULL),
(71, 'Genaro Solalinde', 'solalindefacundo1@gmail.com', '2657787721', NULL, 3, 0, 1, '$2a$11$uaoPQi83/1yEKR1uFLz95O6j0xfLXwFlLJmlBEZsfPkXRZ8tdR3AW', '2025-07-23 21:49:12', 2, NULL, NULL),
(72, 'Gabriel Velazquez', 'gv205580@gmail.com', '2657242583', NULL, 3, 0, 1, '$2a$11$Dci.jOhEUzdiEqRuaClue.s/q.YZaE7ERhhv5l5azR8TuhIAf0nhm', '2025-07-24 13:30:00', 2, NULL, NULL),
(73, 'Anciano', 'anciano@gmail.com', '000000000', NULL, 3, 0, 1, '$2a$11$.IeQIT5nC89uz2PgTxdpqOYOz1sU3n6oU2H2QoONuoDDgdlEcGtkq', '2025-07-24 13:32:17', 2, NULL, NULL),
(74, 'Gerardo Corbalan', 'corbalangerardo@live.com.ar', '2657641501', NULL, 3, 0, 1, '$2a$11$i9pwZIH53Jm4T8eI1IrTJ.CAsM640s35xA41NmUQzOmYeAqnY9vTC', '2025-07-24 14:43:49', 2, NULL, NULL),
(75, 'Matias Prios', 'mantis2295@gmail.com', '3512686409', NULL, 3, 0, 1, '$2a$11$tSu7IeoPquXuzSQCCdqSGudhHZX5J2JNhluAaqfI4YYvUT6zJByOS', '2025-07-24 21:01:35', 2, NULL, NULL),
(76, 'Cristian Galdamez', 'cristiangaldamez1976@gmail.com', '2657216432', NULL, 3, 0, 1, '$2a$11$On1Vaej5Qw8VA/S89iEOI.2jvhH5msxIHDDMSvLvgZ5mnxVOhcEsG', '2025-07-24 21:41:56', 2, NULL, NULL),
(77, 'Maximiliano Molina', 'maxi_xc@gmail.com', '2657687782', NULL, 3, 0, 1, '$2a$11$krKB1kNe6jpDvg/FNMDxNeQBklJmu.ualM9ZNdptG0DgPaJZFYQc.', '2025-07-24 22:32:42', 2, NULL, NULL),
(78, 'Nicolas Rolleri', 'nicobrandan76@gmail.com', '2657247635', NULL, 3, 0, 1, '$2a$11$xWhKe34rY.nuwkgS5EbBOuTB0X2OF19Ir3.vVpPkIMAjU4ssi1u2u', '2025-07-24 23:50:45', 2, NULL, NULL),
(79, 'Pablo Orozco', 'pabloezequielorozco@gmail.com', '2657205453', NULL, 3, 0, 1, '$2a$11$Eo46VSobI.I1febMTWGs2O5iLw80FYzcPwtMGu3M6CQ0cyG.VbFOa', '2025-07-25 15:13:09', 2, NULL, NULL),
(80, 'Federico Gabriel Garcia ', 'fedegarcia.tecnoplant@gmail.com', '2625531648', NULL, 3, 0, 1, '$2a$11$7ZIrpExjHAFUcRdpG2NxL..A4YGDNt/lXm.U4LFgJUmMxvuXaJfEK', '2025-07-25 20:36:21', 2, NULL, NULL),
(81, 'Nahuel Rivera', 'nahuelalejandroriveratoconas@gmail.com', '2657325377', NULL, 3, 0, 1, '$2a$11$zv1NVQzHRE08qFXNDVFHV.79Ea5YJp6JSfinZnABpU1C755L5Ll9a', '2025-07-25 21:29:14', 2, NULL, NULL),
(82, 'Luca Aguero', 'luca-93@live.com.ar', '2657211068', NULL, 3, 0, 1, '$2a$11$O74JUH7zyXVq2kYGFM/Z7uXrugrnfnk.IXEFI/rTFbdoUJVV.YnNG', '2025-07-25 23:11:51', 2, NULL, NULL),
(83, 'Leandro Crespo', 'crespoezequiel3036@gmail.com', '2657624926', NULL, 3, 0, 1, '$2a$11$GT9BtjTtgtSfnmUZc9ARXeqii7RyS.8zHZ/lWw8L2hQuwUdb4xQMu', '2025-07-25 23:39:57', 2, NULL, NULL),
(84, 'Maxi Romero', 'jorgemaxiromero@gmail.com', '3584293310', NULL, 3, 0, 1, '$2a$11$cO3U1z/zOaDBHED0.QPRU.ZysjbiQE4NjnKGkA8cqmzWMd1Ttr6M6', '2025-07-25 23:59:52', 2, NULL, NULL),
(85, 'Marcelo Quevedo', 'stampgraft119@gmail.com', '2657334074', NULL, 3, 0, 1, '$2a$11$YcpZa.RDeKgRDDQy6ogXYespvHTT8g.iKai/YeEVfMybv692lwuk.', '2025-07-26 12:57:04', 2, NULL, NULL),
(86, 'Gaston Garcia ', 'gastongarcia.fica@gmail.com', '2625531616', NULL, 3, 0, 1, '$2a$11$7oCsjY7Z33Jcy1rMWamHjOoqZWB5jJe6SVRGdLI6L1xDDUWyqnIrC', '2025-07-26 13:41:16', 2, NULL, NULL),
(87, 'Mauricio Gallo ', 'hmauriciogallo@hotmail.com', '2657603624', NULL, 3, 0, 1, '$2a$11$j.YJf7.jBxZN70UbOTsLK.7x.XqQLuVkDwLIgzKrb/LNGNA.tQLCe', '2025-07-26 15:09:42', 2, NULL, NULL),
(88, 'Gonzalo Del Castelo', 'delcastelo.gonzalo@sanluis.edu.ar', '2657529553', NULL, 3, 0, 1, '$2a$11$WTI/GSzyQd8KPkkpidLmUOg9ugyHUtdcbGEWfMlC2tGUzSU.gtAFu', '2025-07-26 22:52:13', 2, NULL, NULL),
(89, 'Fabian Medina', 'fm302975@gmail.com', '2657328012', NULL, 3, 0, 1, '$2a$11$RXI1Q3MRWunKjrwe7/LgHeEW4JEHPLalILCIlFKocnDnQwRYQx..u', '2025-07-26 23:16:00', 2, NULL, NULL),
(90, 'Emiliano Vellizona', 'emilianoledezma777@gmail.com', '2657622970', NULL, 3, 0, 1, '$2a$11$2wE8FCgFfHO5k5g7aj2SO.EgiS7itli0w9mVC4C4HE8D8TqDUdqrq', '2025-07-26 23:44:30', 2, NULL, NULL),
(91, 'Ciro Martinez ', 'ciromartinez240@gmail.com', '2657770587', NULL, 3, 0, 1, '$2a$11$K/lDQeVrbm/v0tniBOVlbO6goHTEUA0QlR0rt9FosLJdWn0N51aHm', '2025-07-28 20:44:40', 2, NULL, NULL),
(92, 'Fabricio Barotto', 'fabrybarotto@gmail.com', '2657662144', NULL, 3, 0, 1, '$2a$11$d9RFw9N/5ww0ZZs8lgEjqO.Ipeby8.fyU8IU7.nOhFArm/1VkLriO', '2025-07-28 20:56:12', 2, NULL, NULL),
(93, 'Lucas Abrate', 'lucasabrate12@gmail.com', '2657589323', NULL, 3, 0, 1, '$2a$11$fiIvEe5aYoUF9h9Q63nT7.nSNtX6tguHwvyaEpDsf9H/PV4iErooa', '2025-07-29 13:28:12', 2, NULL, NULL),
(94, 'Dario Reynoso', 'darioreynoso_vm@hotmail.com', '2657636931', NULL, 3, 0, 1, '$2a$11$DEpvjyZDk.5WOBIvMd54GuZ4Lrw/t2aKgau6.TlV5f/UyCWt9kuWC', '2025-07-29 13:48:18', 2, NULL, NULL),
(95, 'Andres Rodriguez', 'andresomardaglio@gmail.com', '3462680400', NULL, 3, 0, 1, '$2a$11$fKneJZfAcIgnMTKlDcrBReCVolJigzfGoCHj/J2XedKHG5wlNblS.', '2025-07-29 14:35:41', 2, NULL, NULL),
(96, 'Maximo Moreno', 'maximoreno804@gmail.com', '2657605236', NULL, 3, 0, 1, '$2a$11$oAOSbUaZzyG2lgtPlN1BieblMwO31tUVn.wZUs4l4WnNUOIzsj5Q.', '2025-07-29 20:34:23', 2, NULL, NULL),
(97, 'Juan Malnis', 'juanlmalnis@gmail.com', '2617192658', NULL, 3, 0, 1, '$2a$11$HxiBes2QXXbT6dzBeYuOCeR.jJcx2b354REgykIa2Twh8sS0WdRXK', '2025-07-29 21:13:04', 2, NULL, NULL),
(98, 'Matias Tancredi', 'matiastancredi@gmail.com', '2657703573', NULL, 3, 0, 1, '$2a$11$ZnXMBTlPBVEDPKBbDoIIV.mNkksdOJtoSSrQ2eEZppWzYt.oUKpbO', '2025-07-30 15:41:09', 2, NULL, NULL),
(99, 'Javier Torres ', '', '2657330564', NULL, 3, 0, 1, '$2a$11$ZsDTyqmXX9cSvl/KasPU2OdoLO5ddUtdtXcMSed3yMe6d87D5NVii', '2025-07-30 20:49:40', 2, NULL, NULL),
(100, 'Silvio Coria', 'maxifico10@gmail.com', '2657662151', NULL, 3, 0, 1, '$2a$11$jtB3GDmerG7OxmHm/yQTKuuH3nIpl3KxtkOX/H/18Op5pyX7PwYi6', '2025-07-30 22:54:19', 2, NULL, NULL),
(101, 'Ramiro Gatica', 'ramirogatica00@gmail.com', '2657335285', NULL, 3, 0, 1, '$2a$11$QGErIzLSB3rdr53juyU39ODBydZdyok5eQgAvVk5/H/pVDBbEfzK2', '2025-07-31 21:06:42', 2, NULL, NULL),
(102, 'Silver Cardona', 'silvertcardona@gmail.com', '2665031984', NULL, 3, 0, 1, '$2a$11$II1coGfJlB77/0FoLQY7wOfzAkzUge9k682g2/IokxW4tOZJbT5X.', '2025-07-31 21:33:53', 2, NULL, NULL),
(103, 'Nael Amer', 'marinatorre1317@gmail.com', '2657784066', NULL, 3, 0, 1, '$2a$11$Irt3hZK4kIIrEJPdXOlVS.BbBPg319ZtorZ4FBK7Y7TV.8AWGZen6', '2025-07-31 21:55:03', 2, NULL, NULL),
(104, 'Juan Godoy', 'juangodoy_vm@hotmail.com', '2657508295', NULL, 3, 0, 1, '$2a$11$Ma12K0Z0Ht4DQs4/TTG5Xe50Zx.AC3UvSBPD/ZX.xsxISaIWBoy6C', '2025-07-31 22:20:39', 2, NULL, NULL),
(105, 'Mario Andres', 'marioandresortiz90@gmail.com', '2657307296', NULL, 3, 0, 1, '$2a$11$c6LOyik6pKcLyhrLQtbqbOriO1p7FOBtIfYzDOQzPfgk6SjM2rjDS', '2025-07-31 23:34:04', 2, NULL, NULL),
(106, 'Alejandro Bizzoto', 'abizzoto@bcyl.com.ar', '1155684181', NULL, 3, 0, 1, '$2a$11$HRacPrX/cJu1wMqioBAPGu4OOsvqwhviCfPcrO/LEFiFDJW21a9cG', '2025-08-01 13:23:11', 2, NULL, NULL),
(107, 'Sebastian Martinez', 'cesarsebastianmartinez9@gmail.com', '2657502535', NULL, 3, 0, 1, '$2a$11$fKU.7A1YiSYzs1icUjvpy.FHVwctBK7Ln9mdVZ95OUjWaVGWg/fPO', '2025-08-01 13:55:07', 2, NULL, NULL),
(108, 'Angel Pollini', 'angelmartinpollini@gmail.com', '2657529305', NULL, 3, 0, 1, '$2a$11$j5VCG4bqlZ9c/Dlt5ou4aO0K5ajWEDsq2Dsg.h0BnPWJ3yutbTLNu', '2025-08-01 15:29:30', 2, NULL, NULL),
(109, 'Pablo Mollano', 'pablomolla1@gmail.com', '2657642959', NULL, 3, 0, 1, '$2a$11$wfB.1j02Mc2FGhFIMNhleuQkuZ47WW5W0Tr2bkII6Rz0BnHJyYnWS', '2025-08-01 23:02:02', 2, NULL, NULL),
(110, 'Gaston Eccher', 'gaston080@gmail.com', '3584311730', NULL, 3, 0, 1, '$2a$11$6p4h2AtKADles2toxNx4Xe0cNoHmD.llCi7zbk6BCF7DZWSuiCfO.', '2025-08-01 23:29:20', 2, NULL, NULL),
(111, 'guliano Bruno', 'gulianobruno95@gmail.com', '2657557639', NULL, 3, 0, 1, '$2a$11$8Z4jkwlG5yxQPYEU4HG/yuKGLgMlk2tr4EqSA32r8vpQZ4XpFvDVy', '2025-08-02 15:40:04', 2, NULL, NULL),
(112, 'Jony Tobio', 'jony_t_z@gmail.com', '1160163931', NULL, 3, 0, 1, '$2a$11$.cRUXmJK3gBufoQAQvWJ0.ZvNcJJXai7nb6QFAEQ5nNJkZ.4xPnla', '2025-08-02 16:17:37', 2, NULL, NULL),
(113, 'Tomi Freytes', 'tomasfreytes115@gmail.com', '2657304174', NULL, 3, 0, 1, '$2a$11$nVNX4sMh/aiTEa8dfunw7ufiFkrBJhf63YQfdaUP2tYLPwRDXPMA6', '2025-08-02 21:30:40', 2, NULL, NULL),
(114, 'Siro Lauer', 'sirolauer455@gmail.com', '2657646975', NULL, 3, 0, 1, '$2a$11$4/R7b2yDoRExVFia3lUykOpg6v8zo342YS1CI8ELTb85fau8wrVaq', '2025-08-02 21:33:36', 2, NULL, NULL),
(115, 'Dardo Farfan', 'dardo.farfan@gmail.com', '2657228774', NULL, 3, 0, 1, '$2a$11$EaYnMotwz9Z/oeACqPJ8TOwqNRTmdr5lOzSbk0Rq0wWHWOAuDAnAK', '2025-08-02 23:01:38', 2, NULL, NULL),
(116, 'Rodrigo Simioli', '121@gmail.com', '2657663383', NULL, 3, 0, 1, '$2a$11$c9Bj34ouB82y4uKYtwf9FOlZUk7lPNmLa5psTifZKmk1f1RbVQz2S', '2025-08-02 23:28:56', 2, NULL, NULL),
(117, 'Martin Nuñez', 'nunezbmartin@gmail.com', '2657662577', NULL, 3, 0, 1, '$2a$11$Z9pyjUhTZVRPBKluZ8.9N.4gCZWokgQe1.smiW5pBI./vXQ32iEj6', '2025-08-04 20:55:28', 2, NULL, NULL),
(118, 'Roberto Flores', 'rcarrizo65@gmail.com', '2657585515', NULL, 3, 0, 1, '$2a$11$G9X.LsTnfu6MU.9FYQ3.vuynOyVrrYK.v4RKVfbVfYu.rmTIZ8KUS', '2025-08-04 21:53:48', 2, NULL, NULL),
(119, 'Gabriel Zarate', 'gabriel23zarate@gmail.com', '2657304305', NULL, 3, 0, 1, '$2a$11$mWBrNZ.VU9eNJXrNOeC3x.Lqv7uK3qYitmiuMUFc6CX32mQk5rkh6', '2025-08-05 23:01:20', 2, NULL, NULL),
(120, 'Franco Nuñez', 'nunezframco@gmail.com', '2657315524', NULL, 3, 0, 1, '$2a$11$0nNNjT8/3MUcU1GWQop/ru9U1bAeojqIR1rV7fgeDKPU5x53.6af.', '2025-08-07 13:18:16', 2, NULL, NULL),
(121, 'Joaquin Ochon', 'joaquin8a8@gmail.com', '2675321233', NULL, 3, 0, 1, '$2a$11$026homWxTQbVLL/mWATEduesUMApKt5DhSm7XdLyr5YlvIVWJ/iIy', '2025-08-07 23:04:53', 2, NULL, NULL),
(122, 'Luis Tejada', 'luistejada150@gmail.com', '2657226618', NULL, 3, 0, 1, '$2a$11$HI2arksxjIRO9gIlizf1seoQz2.yfpExMPi.2Ea91n3AcVqnKKGJ6', '2025-08-08 15:24:49', 2, NULL, NULL),
(123, 'Gustavo Gil', '11@gmail.com', '2657677383', NULL, 3, 0, 1, '$2a$11$RoGGkKzEq4gbEb4AIuw0uuVNzZ/Dm.wVO0Ds9LQhuICUPIiHTWLCm', '2025-08-08 15:58:52', 2, NULL, NULL),
(124, 'German Moreno', 'gm1832827@gmail.com', '2657605236', NULL, 3, 0, 1, '$2a$11$HphdS9IqM7s.2R2jvBytE.A9zFpA3AG4E4A95Vkjw5LgHo.V9T9kW', '2025-08-08 20:49:18', 2, NULL, NULL),
(125, 'Juan Martinez', 'juan.martinez@mdlz.com', '2657611759', NULL, 3, 0, 1, '$2a$11$uwWh12apHnzjbAT1CgmWCu0XmxfE1pf85k8M/RA6x8EqJwPA09D8e', '2025-08-08 22:35:27', 2, NULL, NULL),
(126, 'Jhonatan Gerrero', 'jhonatanfernandez134de.@gmail.com', '2657709135', NULL, 3, 0, 1, '$2a$11$a7BHG3Pme0hrbh/PmfEUMO8vJp8PPe/fG8VA1w/c1flvoXfsFsdai', '2025-08-09 21:43:10', 2, NULL, NULL),
(127, 'Federico Villegas', 'federicovillegas81@gmail.com', '2657528470', NULL, 3, 0, 1, '$2a$11$d2qiKsh0Rkhv6JwysB/nzuYg1zFZUpHO5yJyXlUCNSKu6rtcPmXoq', '2025-08-11 13:49:00', 2, NULL, NULL),
(128, 'Juan Zapata', 'jzapata.psg@gmail.com', '2657600586', NULL, 3, 0, 1, '$2a$11$1Ubwf3bD8VuBKG/To1DQa.UYnH5ny902bdVstM2aqqZsjYPzJRNOe', '2025-08-12 20:27:54', 2, NULL, NULL),
(129, 'Dylan Bazan', 'dylanb860@gmail.com', '2657287520', NULL, 3, 0, 1, '$2a$11$TeHDsLvvPfon77krTuSHve.QeDb09I4fOn639DRUt6Od8aYsAYjeu', '2025-08-13 14:35:54', 2, NULL, NULL),
(130, 'Matias Muñoz', 'munozmatiasezequiel@gmail.com', '2657318957', NULL, 3, 0, 1, '$2a$11$QvK2NMlOapHteTWkU0i.OObvAggJD6wgiCA4FOlfkshSguoTGttj6', '2025-08-13 22:09:00', 2, NULL, NULL),
(131, 'Cristian Melo ', 'cristianro.melo@gmail.com', '2657701750', NULL, 3, 0, 1, '$2a$11$NG.KjpgrIGMa8o6HbMuGeu46jKibSZcix7E6/vq01glk93y.1jMo6', '2025-08-14 14:16:18', 2, NULL, NULL),
(132, 'Agustin Milani', 'milaniagustin@gmail.com', '2657334947', NULL, 3, 0, 1, '$2a$11$DMhFvalSjsVSs37ZKfETYex7HLpHWSAoEIw9GpIX9qxHKSSjHIY4G', '2025-08-15 13:51:25', 2, NULL, NULL),
(133, 'Carlos Cristofan', 'gustavocristofano@hotmail.com', '2657544347', NULL, 3, 0, 1, '$2a$11$9W3UxmdBeib7.4W9fFI4Z.ZKFREQQbNs9K8ayN0.gefzhjr/2s5qC', '2025-08-15 20:39:58', 2, NULL, NULL),
(134, 'Cristian Barroso', 'CRistianbarroso@gmail.com', '2657340727', NULL, 3, 0, 1, '$2a$11$dqSaM4vSzoVkXNQNYzGbmO1JOCWYZjDoPvKM7fi2pUVGIHdPGwcx6', '2025-08-16 13:42:40', 2, NULL, NULL),
(135, 'Mariano Mora', 'marianitomora74@gmail.com', '2657513926', NULL, 3, 0, 1, '$2a$11$YsC6/Atgsk.shK/DghrDdeRT4m63NUGcuCg5mhyX94UiOg2KcYPA2', '2025-08-16 23:38:31', 2, NULL, NULL),
(136, 'Emiliano Camargo ', 'emilianocamargo044@gmail.com', '2657663696', NULL, 3, 0, 1, '$2a$11$QJpAFztaqheKVsbGFOJ6Leqty1ZzbH8QFbmH//L1ZY2CmY4wnZh9W', '2025-08-18 13:25:15', 2, NULL, NULL),
(137, 'Octavio Lopez', 'octabiohugolopez@gmail.com', '2657628327', NULL, 3, 0, 1, '$2a$11$dFfJ3K.O9iZajUwha94evOCEFqjuYH/iDzFE67ScM.aFykPH/bRM.', '2025-08-18 21:52:28', 2, NULL, NULL),
(138, 'Lautaro Borsine', 'lautaroborsine8@gmail.com', '2657560493', NULL, 3, 0, 1, '$2a$11$kF9v9Scf1nzdmWAzY.OFoeLZvQBEy9jQBKdffkbeQKou3b8ZsU8Be', '2025-08-18 21:53:53', 2, NULL, NULL),
(139, 'Hernan Arevalo', 'herar_r19@hotmail.com', '2657358460', NULL, 3, 0, 1, '$2a$11$mml8Fc7bI3EIkKSAEmjdk.3TGYs3q2xeapKXNtdKZcbWtPX.lczYa', '2025-08-20 15:20:54', 2, NULL, NULL),
(140, 'Gaston Escudero', 'gastonescudero49@gmail.com', '2657244615', NULL, 3, 0, 1, '$2a$11$/D6R51p52R6Jia08eGWEzu2MIqBxUA0NIBY/p3ZMNqK8NmCLvCgyW', '2025-08-20 21:21:00', 2, NULL, NULL),
(141, 'Nicolas Diaz', 'nicolasdiaz5029@gmail.com', '2657281676', NULL, 3, 0, 1, '$2a$11$EzesxaBzjYfJ9mblTQSfuu18PGj5adAjiSxmitSqFYKXSl5x4/4Ue', '2025-08-21 15:02:03', 2, NULL, NULL),
(142, 'Segundo Enrique', 'chavezenrique96@gmail.com', '2657265765', NULL, 3, 0, 1, '$2a$11$a0PcGP49K9AgdMfAMP2BS.S3.AG.biki0jZBL8IX0z7CYkoQ52dp.', '2025-08-22 14:19:29', 2, NULL, NULL),
(143, 'Carlos Garcia', 'carlingarcia072@gmail.com', '2657556435', NULL, 3, 0, 1, '$2a$11$c/9pNhe1SYVjAh763DM/N.seV4FEjUPWm5IFPzJAOCGB.O24afGeG', '2025-08-22 14:30:42', 2, NULL, NULL),
(144, 'Elian Mora', 'moraelian440@gmail.com', '2657638519', NULL, 3, 0, 1, '$2a$11$sTLij5/i9a4IvyiSnbuvheOBbqpqMbUce1vUHDZe/HkuXvXww10.O', '2025-08-22 20:58:18', 2, NULL, NULL),
(145, 'Elenio Garcia', 'elenciogarcia123@gmail.com', '2657631312', NULL, 3, 0, 1, '$2a$11$SOfBYAlb4irsoCd/oV5nqurk/rZDFSthmwK77wVKF8dg6qfcXKev2', '2025-08-26 22:08:10', 2, NULL, NULL),
(146, 'Joaquin Varela', 'joaquinvr357@gmail.com', '2664253492', NULL, 3, 0, 1, '$2a$11$Y1xmPnTGkwgf.TYIwzMOrOdl/dOBq0LdX3asX4A7Ic9odxgcDqYvK', '2025-08-27 12:47:02', 2, NULL, NULL),
(147, 'Benjamin Baigorria', 'bbaigorria26@gmail.com', '2657689533', NULL, 3, 0, 1, '$2a$11$C9eckX5hqHE5smmyDdJQUeJnZ5AebaTLriON7b7V5p7rje7u9gYg6', '2025-08-27 22:42:03', 2, NULL, NULL),
(148, 'Fausto Galdamez', 'galdamezfausto1615@gmail.com', '2657396090', NULL, 3, 0, 1, '$2a$11$dSzRfav4ZHuWoy7eqgp7ZeRejmkMUMpotaPMQG01W.04ago.qEfQm', '2025-08-28 21:22:05', 2, NULL, NULL),
(149, 'Salvador Andrada', 'eugeestrada22@gmail.com', '2657667698', NULL, 3, 0, 1, '$2a$11$I3X0OCr3P24ys9zOBDMpmuyiDAehM0dd3AdJLxyMYgGHgV5XqmhF6', '2025-09-01 14:45:04', 2, NULL, NULL),
(150, 'Luciano Aguilar ', 'luciano_uri@hotmail.com', '2657294211', NULL, 3, 0, 1, '$2a$11$xMY58cwrys4Q7F8EqRn7Pe2scASZBvCRiCaI2xtkvGJeD2ILNOPLW', '2025-09-01 22:52:10', 2, NULL, NULL),
(151, 'Marcelo Molina', 'xeneixejrs@gmail.com', '2657292954', NULL, 3, 0, 1, '$2a$11$s2X5KHG1OqkuvA3S2rjmmugrZgy6dd748hvrKIq71X96.5yaiDETS', '2025-09-03 20:24:09', 2, NULL, NULL),
(152, 'Bruno Boato', 'brunoboato@gmail.com', '2658407937', NULL, 3, 0, 1, '$2a$11$Tf2xcfap2n92bLXh2s11PuO5I6SlTjVR/y98twJZZCwHXT4a36a1i', '2025-09-03 20:57:19', 2, NULL, NULL),
(153, 'Marcelo Fernandez', 'clavijomurcia8@gmail.com', '2657245438', NULL, 3, 0, 1, '$2a$11$vLGMiIMyZQ8WGwvFgY34BOgO8qzJ516SZHlAofgHB0ms7QZaMVEca', '2025-09-04 14:06:33', 2, NULL, NULL),
(154, 'Alejo Moyano ', 'AlejoMoyano@gmail.com', '2657342320', NULL, 3, 0, 1, '$2a$11$p.aQKEDRlod9FIzqHMod1OOVbI.RO85SscstFGj8g18cxdtS/uhKe', '2025-09-04 23:00:42', 2, NULL, NULL),
(155, 'Diego Muñoz', 'dm789268@gmail.com', '2657319176', NULL, 3, 0, 1, '$2a$11$T35OMxvZtal09S7tYWjX9eWmDKYFQlkTvqFW3UH1RQ6Dc45PA9m2C', '2025-09-05 20:27:18', 2, NULL, NULL),
(156, 'Ezequiel Palacio', 'epalacio977@gmail.com', '2657604346', NULL, 3, 0, 1, '$2a$11$1uEwepngIinMYYcUUbmEOeSsk2IZOTNKDKVDGWTVvZL56Bqmkv1ty', '2025-09-05 21:12:25', 2, NULL, NULL),
(157, 'Gabriel Rodriguez', 'ernestogabrielrodriguez42@gmail.com', '2657494022', NULL, 3, 0, 1, '$2a$11$PPdvyK99GgIDg99fiYddAOyjn.PEUjF0kW0SzRdP50QRbCDMN.Lde', '2025-09-05 22:39:43', 2, NULL, NULL),
(158, 'Marcelo Rolleri', 'mrolleri813@gmail.com', '2657493435', NULL, 3, 0, 1, '$2a$11$/lmHkKE6zDpYI0xcyyw2wO.3excDUW.av63DyP5WxB0dGNOAI8fmq', '2025-09-06 20:41:34', 2, NULL, NULL),
(159, 'Enzo Baigorria', 'nahuelbaigorria990@gmail.com', '2657687980', NULL, 3, 0, 1, '$2a$11$fjC6yFgQVWAzZedawk8O1elkE6wobzO5l3GTw2nGaQKKct2uCWLBK', '2025-09-06 21:21:17', 2, NULL, NULL),
(160, 'Jonathan Ruiz', 'jonathanmauricioruiz@gmail.com', '2657281669', NULL, 3, 0, 1, '$2a$11$Ypc1jUVSFIFss8zzD6Uxy.2STzIl0ljBwoencEb.clsH6ZgJ4Jsa6', '2025-09-08 21:27:23', 2, NULL, NULL),
(161, 'Carlos Lucero', 'carloslucero@gmail.com', '2657238924', NULL, 3, 0, 1, '$2a$11$YCLBdeJicZTG3FXrpx1INuYWXn3Fihf/CHQmK1JesN4ctIymKN4/6', '2025-09-09 21:42:05', 2, NULL, NULL),
(162, 'Franco Gatica', 'francogatica@gmail.com', '2657203408', NULL, 3, 0, 1, '$2a$11$9kC6c.AmQVRCS9O2lprMl.XxwziAsny8HVItwmutJZ8Z60jJR1iSu', '2025-09-09 21:43:33', 2, NULL, NULL),
(163, 'Pablo Satti', 'sattipablo@gmail.com', '2657234765', NULL, 3, 0, 1, '$2a$11$pREgqNg2WB8KxENrSYay2.3Dq8bnkWjQMUGZ0pT0qzwBCdOjH6NW6', '2025-09-10 21:06:03', 2, NULL, NULL),
(164, 'Mauricio Zarate', 'zarateaangel671@gmail.com', '2657710266', NULL, 3, 0, 1, '$2a$11$LN/OMViMJHn3bhvGhu0aH.4xZq29w6.DIXyH8KwG0obVA7h4.FmQu', '2025-09-10 22:57:53', 2, NULL, NULL),
(165, 'Mario Ferrera', 'Marioferrera@gmail.com', '2657307684', NULL, 3, 0, 1, '$2a$11$SWwqVCdXlDyt8NPQMd/Dqea15ZYj6A3qg9qoIoZ4ayf56FekfZCSS', '2025-09-11 13:15:03', 2, NULL, NULL),
(166, 'Ruben Miranda', 'Rubenmiranda@gmail.com', '2657560635', NULL, 3, 0, 1, '$2a$11$3coOG.NIHhJFQu4q29exre9mQIaRx8zFfC8grO.bBopzH/9qdisXG', '2025-09-12 23:22:15', 2, NULL, NULL),
(167, 'Axel Irusta', 'axelirusta1@gmail.com', '2657327288', NULL, 3, 0, 1, '$2a$11$52uUlkR6LWQ1VhumKAgMF.qXj3HslTyIZLGUFMm9Wvk6vwpUZx7Iq', '2025-09-13 22:35:22', 2, NULL, NULL),
(168, 'Williams Betancur', 'betancurwilliam@gmail.com', '2942359407', NULL, 3, 0, 1, '$2a$11$42V4BM6Ih/TQ4/Jm.VtM1eyaBLZc0RwLJzlnJ3cC5xciq4E3Ulr0q', '2025-09-15 20:57:06', 2, NULL, NULL),
(169, 'Benjamin Contreras ', 'benjacon0406@gmai.com', '2657673595', NULL, 3, 0, 1, '$2a$11$PAsNtmq/hpET6fmiuI/u/eLN8fSoY0TOog6CCxFMpXdfoE5/2425S', '2025-09-16 21:20:01', 2, NULL, NULL),
(170, 'Leonel Argurua', 'leonelargurua@gmail.com', '2657614157', NULL, 3, 0, 1, '$2a$11$4sqAWtyjN4FQIKc0CJqyGOPPcfakNxpRlwr16wBtBIGa4vXlBrMGi', '2025-09-16 23:30:50', 2, NULL, NULL),
(171, 'Alexis Urbanos', 'alexisurbanos@gmail.com', '2657677360', NULL, 3, 0, 1, '$2a$11$yyOd2yGy104ygAJ/mLwBp.DZtjhFFncnrq3Yyz/p85k9cYoTaL7MW', '2025-09-18 15:11:37', 2, NULL, NULL),
(172, 'Martin Arevalo', 'martinarevalo10y@gmail.com', '2657235025', NULL, 3, 0, 1, '$2a$11$u0aWpVyNV1rtproxgUy0PeBzKxycaq7y0vRF7fTQ39u1y8odGf8UK', '2025-09-19 20:33:18', 2, NULL, NULL),
(173, 'Alexis Quiroga', 'alexisquiroga@gmail.com', '2657702639', NULL, 3, 0, 1, '$2a$11$Zxt1Uch58MgRqJziH20MTuim89xkg8KPesIWRmkjDU8BUGjHu2ffG', '2025-09-20 14:56:23', 2, NULL, NULL),
(174, 'Lucas Ravera', 'lravera92@gmail.com', '2657322051', NULL, 3, 0, 1, '$2a$11$gtnfyQxzpGgBwjMTJuaHPOJ1LwO10FrJEPH02J/A2c6jPbws8UMY6', '2025-09-23 13:56:52', 2, NULL, NULL),
(175, 'Dario Crenna', 'crennapropiedades@gmail.com', '26576432210', NULL, 3, 0, 1, '$2a$11$pZ9F72IX62UbrVGz.hbJU.yMLoSKqBMyoKBVZaknIFiRL8e3MJGiG', '2025-09-27 14:39:12', 2, NULL, NULL),
(176, 'Nicolas Aguilera', 'nicolasaguilera5678@gmail.com', '2657451923', NULL, 3, 0, 1, '$2a$11$N9ndbKbCqm8J6jxVOkwduuOlZzWLtaKjtMKShX3myNWhfCOcz6rwO', '2025-09-30 23:07:36', 2, NULL, NULL),
(177, 'Ignacio Bergamini', 'ignacioab86@gmail.com', '2657236924', NULL, 3, 0, 1, '$2a$11$grplCMmLe3Qa8lIIXBViVuTh9EFTuUak0LIftZyMLKY3ulP3lM4Fu', '2025-10-06 23:37:02', 2, NULL, NULL),
(178, 'Leon Diaz', 'leon07162001@gmail.com', '2302466583', NULL, 3, 0, 1, '$2a$11$fDCRPGKfc1Gl8jyg99oHquGBzNR0u8ik.czZavNEZMWId7WmzF5Vu', '2025-10-07 22:32:51', 2, NULL, NULL),
(179, 'Gonzalo Palacios', 'gonacrich@hotmail.com', '3583648412', NULL, 3, 0, 1, '$2a$11$4/EQycOuZo0u8AtygJi.V.qo2BMMrY6CJmWhCu0ItRdyoYcQqiRxS', '2025-10-11 22:22:27', 2, NULL, NULL);

--
-- Índices para tablas volcadas
--

--
-- Indices de la tabla `atencion`
--
ALTER TABLE `atencion`
  ADD PRIMARY KEY (`Id`),
  ADD KEY `ClienteId` (`ClienteId`),
  ADD KEY `BarberoId` (`BarberoId`),
  ADD KEY `TurnoId` (`TurnoId`),
  ADD KEY `fk_atencion_cierre` (`CierreDiarioId`);

--
-- Indices de la tabla `bloqueo_horario`
--
ALTER TABLE `bloqueo_horario`
  ADD PRIMARY KEY (`Id`),
  ADD KEY `idx_bloqueo_barbero` (`BarberoId`,`FechaHoraInicio`,`FechaHoraFin`);

--
-- Indices de la tabla `cierre_diario`
--
ALTER TABLE `cierre_diario`
  ADD PRIMARY KEY (`Id`);

--
-- Indices de la tabla `cierre_diario_pago`
--
ALTER TABLE `cierre_diario_pago`
  ADD PRIMARY KEY (`Id`),
  ADD KEY `idx_cierre_diario_id` (`CierreDiarioId`);

--
-- Indices de la tabla `configuracion_turno`
--
ALTER TABLE `configuracion_turno`
  ADD PRIMARY KEY (`Id`),
  ADD UNIQUE KEY `ux_config_1` (`Id`);

--
-- Indices de la tabla `detalle_atencion`
--
ALTER TABLE `detalle_atencion`
  ADD PRIMARY KEY (`Id`),
  ADD KEY `AtencionId` (`AtencionId`),
  ADD KEY `ProductoServicioId` (`ProductoServicioId`);

--
-- Indices de la tabla `disponibilidad_barbero`
--
ALTER TABLE `disponibilidad_barbero`
  ADD PRIMARY KEY (`Id`),
  ADD UNIQUE KEY `ux_disponibilidad` (`BarberoId`,`DiaSemana`,`HoraInicio`,`HoraFin`),
  ADD KEY `idx_disponibilidad_barbero` (`BarberoId`,`DiaSemana`);

--
-- Indices de la tabla `estado_turno`
--
ALTER TABLE `estado_turno`
  ADD PRIMARY KEY (`Id`);

--
-- Indices de la tabla `imagen`
--
ALTER TABLE `imagen`
  ADD PRIMARY KEY (`IdImagen`);

--
-- Indices de la tabla `pago`
--
ALTER TABLE `pago`
  ADD PRIMARY KEY (`Id`),
  ADD KEY `fk_atencion` (`AtencionId`);

--
-- Indices de la tabla `productos_servicios`
--
ALTER TABLE `productos_servicios`
  ADD PRIMARY KEY (`Id`);

--
-- Indices de la tabla `rol`
--
ALTER TABLE `rol`
  ADD PRIMARY KEY (`Id`);

--
-- Indices de la tabla `turno`
--
ALTER TABLE `turno`
  ADD PRIMARY KEY (`Id`),
  ADD KEY `ClienteId` (`ClienteId`),
  ADD KEY `BarberoId` (`BarberoId`),
  ADD KEY `fk_turno_estado` (`EstadoId`);

--
-- Indices de la tabla `turno_servicio`
--
ALTER TABLE `turno_servicio`
  ADD PRIMARY KEY (`Id`),
  ADD KEY `idx_turno_servicio_turno` (`TurnoId`),
  ADD KEY `idx_turno_servicio_producto` (`ProductoServicioId`);

--
-- Indices de la tabla `usuario`
--
ALTER TABLE `usuario`
  ADD PRIMARY KEY (`Id`),
  ADD UNIQUE KEY `Email` (`Email`);

--
-- AUTO_INCREMENT de las tablas volcadas
--

--
-- AUTO_INCREMENT de la tabla `atencion`
--
ALTER TABLE `atencion`
  MODIFY `Id` int(11) NOT NULL AUTO_INCREMENT, AUTO_INCREMENT=583;

--
-- AUTO_INCREMENT de la tabla `bloqueo_horario`
--
ALTER TABLE `bloqueo_horario`
  MODIFY `Id` int(11) NOT NULL AUTO_INCREMENT;

--
-- AUTO_INCREMENT de la tabla `cierre_diario`
--
ALTER TABLE `cierre_diario`
  MODIFY `Id` int(11) NOT NULL AUTO_INCREMENT, AUTO_INCREMENT=72;

--
-- AUTO_INCREMENT de la tabla `cierre_diario_pago`
--
ALTER TABLE `cierre_diario_pago`
  MODIFY `Id` int(11) NOT NULL AUTO_INCREMENT, AUTO_INCREMENT=135;

--
-- AUTO_INCREMENT de la tabla `configuracion_turno`
--
ALTER TABLE `configuracion_turno`
  MODIFY `Id` int(11) NOT NULL AUTO_INCREMENT, AUTO_INCREMENT=2;

--
-- AUTO_INCREMENT de la tabla `detalle_atencion`
--
ALTER TABLE `detalle_atencion`
  MODIFY `Id` int(11) NOT NULL AUTO_INCREMENT, AUTO_INCREMENT=646;

--
-- AUTO_INCREMENT de la tabla `disponibilidad_barbero`
--
ALTER TABLE `disponibilidad_barbero`
  MODIFY `Id` int(11) NOT NULL AUTO_INCREMENT;

--
-- AUTO_INCREMENT de la tabla `estado_turno`
--
ALTER TABLE `estado_turno`
  MODIFY `Id` int(11) NOT NULL AUTO_INCREMENT, AUTO_INCREMENT=8;

--
-- AUTO_INCREMENT de la tabla `imagen`
--
ALTER TABLE `imagen`
  MODIFY `IdImagen` int(11) NOT NULL AUTO_INCREMENT, AUTO_INCREMENT=2;

--
-- AUTO_INCREMENT de la tabla `pago`
--
ALTER TABLE `pago`
  MODIFY `Id` int(11) NOT NULL AUTO_INCREMENT, AUTO_INCREMENT=604;

--
-- AUTO_INCREMENT de la tabla `productos_servicios`
--
ALTER TABLE `productos_servicios`
  MODIFY `Id` int(11) NOT NULL AUTO_INCREMENT, AUTO_INCREMENT=27;

--
-- AUTO_INCREMENT de la tabla `rol`
--
ALTER TABLE `rol`
  MODIFY `Id` int(11) NOT NULL AUTO_INCREMENT, AUTO_INCREMENT=4;

--
-- AUTO_INCREMENT de la tabla `turno`
--
ALTER TABLE `turno`
  MODIFY `Id` int(11) NOT NULL AUTO_INCREMENT;

--
-- AUTO_INCREMENT de la tabla `turno_servicio`
--
ALTER TABLE `turno_servicio`
  MODIFY `Id` int(11) NOT NULL AUTO_INCREMENT;

--
-- AUTO_INCREMENT de la tabla `usuario`
--
ALTER TABLE `usuario`
  MODIFY `Id` int(11) NOT NULL AUTO_INCREMENT, AUTO_INCREMENT=180;

--
-- Restricciones para tablas volcadas
--

--
-- Filtros para la tabla `atencion`
--
ALTER TABLE `atencion`
  ADD CONSTRAINT `atencion_ibfk_1` FOREIGN KEY (`ClienteId`) REFERENCES `usuario` (`Id`),
  ADD CONSTRAINT `atencion_ibfk_2` FOREIGN KEY (`BarberoId`) REFERENCES `usuario` (`Id`),
  ADD CONSTRAINT `atencion_ibfk_3` FOREIGN KEY (`TurnoId`) REFERENCES `turno` (`Id`),
  ADD CONSTRAINT `fk_atencion_cierre` FOREIGN KEY (`CierreDiarioId`) REFERENCES `cierre_diario` (`Id`);

--
-- Filtros para la tabla `bloqueo_horario`
--
ALTER TABLE `bloqueo_horario`
  ADD CONSTRAINT `fk_bloqueo_barbero` FOREIGN KEY (`BarberoId`) REFERENCES `usuario` (`Id`) ON DELETE CASCADE;

--
-- Filtros para la tabla `cierre_diario_pago`
--
ALTER TABLE `cierre_diario_pago`
  ADD CONSTRAINT `fk_cierre_diario_pago_cierre_diario` FOREIGN KEY (`CierreDiarioId`) REFERENCES `cierre_diario` (`Id`) ON DELETE CASCADE ON UPDATE CASCADE;

--
-- Filtros para la tabla `detalle_atencion`
--
ALTER TABLE `detalle_atencion`
  ADD CONSTRAINT `detalle_atencion_ibfk_2` FOREIGN KEY (`ProductoServicioId`) REFERENCES `productos_servicios` (`Id`),
  ADD CONSTRAINT `fk_detalle_atencion_atencion` FOREIGN KEY (`AtencionId`) REFERENCES `atencion` (`Id`) ON DELETE CASCADE;

--
-- Filtros para la tabla `disponibilidad_barbero`
--
ALTER TABLE `disponibilidad_barbero`
  ADD CONSTRAINT `fk_disp_barbero` FOREIGN KEY (`BarberoId`) REFERENCES `usuario` (`Id`) ON DELETE CASCADE;

--
-- Filtros para la tabla `pago`
--
ALTER TABLE `pago`
  ADD CONSTRAINT `fk_atencion` FOREIGN KEY (`AtencionId`) REFERENCES `atencion` (`Id`) ON DELETE CASCADE;

--
-- Filtros para la tabla `turno`
--
ALTER TABLE `turno`
  ADD CONSTRAINT `fk_turno_estado` FOREIGN KEY (`EstadoId`) REFERENCES `estado_turno` (`Id`),
  ADD CONSTRAINT `turno_ibfk_1` FOREIGN KEY (`ClienteId`) REFERENCES `usuario` (`Id`),
  ADD CONSTRAINT `turno_ibfk_2` FOREIGN KEY (`BarberoId`) REFERENCES `usuario` (`Id`);

--
-- Filtros para la tabla `turno_servicio`
--
ALTER TABLE `turno_servicio`
  ADD CONSTRAINT `fk_ts_producto` FOREIGN KEY (`ProductoServicioId`) REFERENCES `productos_servicios` (`Id`),
  ADD CONSTRAINT `fk_ts_turno` FOREIGN KEY (`TurnoId`) REFERENCES `turno` (`Id`) ON DELETE CASCADE;
COMMIT;

/*!40101 SET CHARACTER_SET_CLIENT=@OLD_CHARACTER_SET_CLIENT */;
/*!40101 SET CHARACTER_SET_RESULTS=@OLD_CHARACTER_SET_RESULTS */;
/*!40101 SET COLLATION_CONNECTION=@OLD_COLLATION_CONNECTION */;
